#! /usr/bin/vvp
:ivl_version "11.0 (stable)";
:ivl_delay_selection "TYPICAL";
:vpi_time_precision - 12;
:vpi_module "/usr/lib/x86_64-linux-gnu/ivl/system.vpi";
:vpi_module "/usr/lib/x86_64-linux-gnu/ivl/vhdl_sys.vpi";
:vpi_module "/usr/lib/x86_64-linux-gnu/ivl/vhdl_textio.vpi";
:vpi_module "/usr/lib/x86_64-linux-gnu/ivl/v2005_math.vpi";
:vpi_module "/usr/lib/x86_64-linux-gnu/ivl/va_math.vpi";
S_0x62c3774f2c00 .scope module, "beh_fifo" "beh_fifo" 2 4;
 .timescale -9 -12;
    .port_info 0 /OUTPUT 8 "rdata";
    .port_info 1 /OUTPUT 1 "wfull";
    .port_info 2 /OUTPUT 1 "rempty";
    .port_info 3 /INPUT 8 "wdata";
    .port_info 4 /INPUT 1 "winc";
    .port_info 5 /INPUT 1 "wclk";
    .port_info 6 /INPUT 1 "wrst_n";
    .port_info 7 /INPUT 1 "rinc";
    .port_info 8 /INPUT 1 "rclk";
    .port_info 9 /INPUT 1 "rrst_n";
P_0x62c3773bb620 .param/l "ASIZE" 0 2 6, +C4<00000000000000000000000000000100>;
P_0x62c3773bb660 .param/l "DSIZE" 0 2 5, +C4<00000000000000000000000000001000>;
P_0x62c3773bb6a0 .param/l "MEMDEPTH" 1 2 19, +C4<000000000000000000000000000000010000>;
L_0x62c377600830 .functor BUFZ 8, L_0x62c377600540, C4<00000000>, C4<00000000>, C4<00000000>;
L_0x62c377600ed0 .functor XOR 1, L_0x62c377600ca0, L_0x62c377600de0, C4<0>, C4<0>;
L_0x62c377600fe0 .functor AND 1, L_0x62c377600b60, L_0x62c377600ed0, C4<1>, C4<1>;
v0x62c3774f7c00_0 .net *"_ivl_0", 7 0, L_0x62c377600540;  1 drivers
v0x62c3774e2360_0 .net *"_ivl_13", 3 0, L_0x62c3776009e0;  1 drivers
v0x62c3774e2400_0 .net *"_ivl_15", 3 0, L_0x62c377600a80;  1 drivers
v0x62c3774e33e0_0 .net *"_ivl_16", 0 0, L_0x62c377600b60;  1 drivers
v0x62c3774e34e0_0 .net *"_ivl_19", 0 0, L_0x62c377600ca0;  1 drivers
v0x62c3775b6610_0 .net *"_ivl_21", 0 0, L_0x62c377600de0;  1 drivers
v0x62c3775b66b0_0 .net *"_ivl_22", 0 0, L_0x62c377600ed0;  1 drivers
v0x62c377521d70_0 .net *"_ivl_3", 3 0, L_0x62c377600600;  1 drivers
v0x62c37750e2d0_0 .net *"_ivl_4", 5 0, L_0x62c3776006a0;  1 drivers
L_0x7f0b02053018 .functor BUFT 1, C4<00>, C4<0>, C4<0>, C4<0>;
v0x62c37750e3b0_0 .net *"_ivl_7", 1 0, L_0x7f0b02053018;  1 drivers
v0x62c377513620 .array "ex_mem", 15 0, 7 0;
o0x7f0b0209c1f8 .functor BUFZ 1, C4<z>; HiZ drive
v0x62c3775136e0_0 .net "rclk", 0 0, o0x7f0b0209c1f8;  0 drivers
v0x62c3774ffbe0_0 .net "rdata", 7 0, L_0x62c377600830;  1 drivers
v0x62c3774ffca0_0 .net "rempty", 0 0, L_0x62c3776008f0;  1 drivers
o0x7f0b0209c288 .functor BUFZ 1, C4<z>; HiZ drive
v0x62c377504f30_0 .net "rinc", 0 0, o0x7f0b0209c288;  0 drivers
v0x62c377504fd0_0 .var "rptr", 4 0;
o0x7f0b0209c2e8 .functor BUFZ 1, C4<z>; HiZ drive
v0x62c3774f15d0_0 .net "rrst_n", 0 0, o0x7f0b0209c2e8;  0 drivers
v0x62c3774f1670_0 .var "rwptr1", 4 0;
v0x62c377534cf0_0 .var "rwptr2", 4 0;
v0x62c377534db0_0 .var "rwptr3", 4 0;
o0x7f0b0209c3a8 .functor BUFZ 1, C4<z>; HiZ drive
v0x62c3775265a0_0 .net "wclk", 0 0, o0x7f0b0209c3a8;  0 drivers
o0x7f0b0209c3d8 .functor BUFZ 8, C4<zzzzzzzz>; HiZ drive
v0x62c377526640_0 .net "wdata", 7 0, o0x7f0b0209c3d8;  0 drivers
v0x62c377517e20_0 .net "wfull", 0 0, L_0x62c377600fe0;  1 drivers
o0x7f0b0209c438 .functor BUFZ 1, C4<z>; HiZ drive
v0x62c377517ee0_0 .net "winc", 0 0, o0x7f0b0209c438;  0 drivers
v0x62c377509730_0 .var "wptr", 4 0;
v0x62c377509810_0 .var "wrptr1", 4 0;
v0x62c3774fb040_0 .var "wrptr2", 4 0;
v0x62c3774fb120_0 .var "wrptr3", 4 0;
o0x7f0b0209c528 .functor BUFZ 1, C4<z>; HiZ drive
v0x62c37757b5b0_0 .net "wrst_n", 0 0, o0x7f0b0209c528;  0 drivers
E_0x62c37744ac90/0 .event negedge, v0x62c3774f15d0_0;
E_0x62c37744ac90/1 .event posedge, v0x62c3775136e0_0;
E_0x62c37744ac90 .event/or E_0x62c37744ac90/0, E_0x62c37744ac90/1;
E_0x62c37744ae10/0 .event negedge, v0x62c37757b5b0_0;
E_0x62c37744ae10/1 .event posedge, v0x62c3775265a0_0;
E_0x62c37744ae10 .event/or E_0x62c37744ae10/0, E_0x62c37744ae10/1;
L_0x62c377600540 .array/port v0x62c377513620, L_0x62c3776006a0;
L_0x62c377600600 .part v0x62c377504fd0_0, 0, 4;
L_0x62c3776006a0 .concat [ 4 2 0 0], L_0x62c377600600, L_0x7f0b02053018;
L_0x62c3776008f0 .cmp/eq 5, v0x62c377504fd0_0, v0x62c377534db0_0;
L_0x62c3776009e0 .part v0x62c377509730_0, 0, 4;
L_0x62c377600a80 .part v0x62c3774fb120_0, 0, 4;
L_0x62c377600b60 .cmp/eq 4, L_0x62c3776009e0, L_0x62c377600a80;
L_0x62c377600ca0 .part v0x62c377509730_0, 4, 1;
L_0x62c377600de0 .part v0x62c3774fb120_0, 4, 1;
S_0x62c3775433e0 .scope module, "tb_xbar_3by3_benchmark" "tb_xbar_3by3_benchmark" 3 3;
 .timescale -9 -12;
P_0x62c3773baea0 .param/l "DATA_WIDTH" 0 3 8, +C4<00000000000000000000000001000000>;
v0x62c3775fd7a0_0 .var/i "c", 31 0;
v0x62c3775fd8a0_0 .var "clk_in_0", 0 0;
v0x62c3775fd960_0 .var "clk_in_1", 0 0;
v0x62c3775fda00_0 .var "clk_in_2", 0 0;
v0x62c3775fdaa0_0 .var "clk_out_0", 0 0;
v0x62c3775fdb40_0 .var "clk_out_1", 0 0;
v0x62c3775fdbe0_0 .var "clk_out_2", 0 0;
v0x62c3775fdc80_0 .var "found0", 0 0;
v0x62c3775fdd20_0 .var "found1", 0 0;
v0x62c3775fde50_0 .var "found2", 0 0;
v0x62c3775fdef0_0 .net "gen_clk_in0_div2", 0 0, v0x62c3775757d0_0;  1 drivers
v0x62c3775fdf90_0 .net "gen_clk_in1_div4", 0 0, v0x62c377536d60_0;  1 drivers
v0x62c3775fe030_0 .net "gen_clk_out0_div8", 0 0, v0x62c3774eea80_0;  1 drivers
v0x62c3775fe0d0_0 .var/i "global_errors", 31 0;
v0x62c3775fe1b0_0 .var/i "i0", 31 0;
v0x62c3775fe290_0 .var/i "i1", 31 0;
v0x62c3775fe370_0 .var/i "i2", 31 0;
v0x62c3775fe450_0 .var/i "num_sent_0", 31 0;
v0x62c3775fe530_0 .var/i "num_sent_1", 31 0;
v0x62c3775fe610_0 .var/i "num_sent_2", 31 0;
v0x62c3775fe6f0_0 .var "p0_data_in", 63 0;
v0x62c3775fe7b0_0 .net "p0_data_out", 63 0, v0x62c3775f43f0_0;  1 drivers
v0x62c3775fe870_0 .var "p0_dest_in", 1 0;
v0x62c3775fe930_0 .var "p0_ready_ext", 0 0;
v0x62c3775fe9d0_0 .net "p0_ready_out", 0 0, L_0x62c377612b10;  1 drivers
v0x62c3775fea70_0 .var "p0_valid_in", 0 0;
v0x62c3775feb60_0 .net "p0_valid_out", 0 0, v0x62c3775f54c0_0;  1 drivers
v0x62c3775fec50_0 .var "p1_data_in", 63 0;
v0x62c3775fed60_0 .net "p1_data_out", 63 0, v0x62c3775f6550_0;  1 drivers
v0x62c3775fee70_0 .var "p1_dest_in", 1 0;
v0x62c3775fef80_0 .var "p1_ready_ext", 0 0;
v0x62c3775ff070_0 .net "p1_ready_out", 0 0, L_0x62c3776135f0;  1 drivers
v0x62c3775ff160_0 .var "p1_valid_in", 0 0;
v0x62c3775ff460_0 .net "p1_valid_out", 0 0, v0x62c3775f7680_0;  1 drivers
v0x62c3775ff550_0 .var "p2_data_in", 63 0;
v0x62c3775ff660_0 .net "p2_data_out", 63 0, v0x62c3775f8710_0;  1 drivers
v0x62c3775ff770_0 .var "p2_dest_in", 1 0;
v0x62c3775ff880_0 .var "p2_ready_ext", 0 0;
v0x62c3775ff970_0 .net "p2_ready_out", 0 0, L_0x62c3776140d0;  1 drivers
v0x62c3775ffa60_0 .var "p2_valid_in", 0 0;
v0x62c3775ffb50_0 .net "p2_valid_out", 0 0, v0x62c3775f9840_0;  1 drivers
v0x62c3775ffc40 .array "rcvd_from_0", 255 0, 0 0;
v0x62c3775ffce0 .array "rcvd_from_1", 255 0, 0 0;
v0x62c3775ffd80 .array "rcvd_from_2", 255 0, 0 0;
v0x62c3775ffe20_0 .var "rst_n_in_0", 0 0;
v0x62c3775fff10_0 .var "rst_n_in_1", 0 0;
v0x62c377600000_0 .var "rst_n_in_2", 0 0;
v0x62c3776000a0_0 .var "rst_n_out_0", 0 0;
v0x62c377600140_0 .var "rst_n_out_1", 0 0;
v0x62c377600230_0 .var "rst_n_out_2", 0 0;
v0x62c377600320 .array "sent_to_0", 255 0, 63 0;
v0x62c3776003c0 .array "sent_to_1", 255 0, 63 0;
v0x62c377600480 .array "sent_to_2", 255 0, 63 0;
E_0x62c377449e70 .event posedge, v0x62c3775f8650_0;
E_0x62c3773ddaf0 .event posedge, v0x62c3775f6490_0;
E_0x62c3775b6880 .event posedge, v0x62c377564030_0;
S_0x62c377551b60 .scope module, "DUT" "xbar_3by3_benchmark_top" 3 49, 4 3 0, S_0x62c3775433e0;
 .timescale -9 -12;
    .port_info 0 /INPUT 1 "clk_in_0";
    .port_info 1 /INPUT 1 "rst_n_in_0";
    .port_info 2 /INPUT 1 "clk_in_1";
    .port_info 3 /INPUT 1 "rst_n_in_1";
    .port_info 4 /INPUT 1 "clk_in_2";
    .port_info 5 /INPUT 1 "rst_n_in_2";
    .port_info 6 /INPUT 1 "clk_out_0";
    .port_info 7 /INPUT 1 "rst_n_out_0";
    .port_info 8 /INPUT 1 "clk_out_1";
    .port_info 9 /INPUT 1 "rst_n_out_1";
    .port_info 10 /INPUT 1 "clk_out_2";
    .port_info 11 /INPUT 1 "rst_n_out_2";
    .port_info 12 /OUTPUT 1 "gen_clk_in0_div2";
    .port_info 13 /OUTPUT 1 "gen_clk_in1_div4";
    .port_info 14 /OUTPUT 1 "gen_clk_out0_div8";
    .port_info 15 /INPUT 64 "p0_data_in";
    .port_info 16 /INPUT 1 "p0_valid_in";
    .port_info 17 /INPUT 2 "p0_dest_in";
    .port_info 18 /OUTPUT 1 "p0_ready_out";
    .port_info 19 /INPUT 64 "p1_data_in";
    .port_info 20 /INPUT 1 "p1_valid_in";
    .port_info 21 /INPUT 2 "p1_dest_in";
    .port_info 22 /OUTPUT 1 "p1_ready_out";
    .port_info 23 /INPUT 64 "p2_data_in";
    .port_info 24 /INPUT 1 "p2_valid_in";
    .port_info 25 /INPUT 2 "p2_dest_in";
    .port_info 26 /OUTPUT 1 "p2_ready_out";
    .port_info 27 /OUTPUT 64 "p0_data_out";
    .port_info 28 /OUTPUT 1 "p0_valid_out";
    .port_info 29 /INPUT 1 "p0_ready_ext";
    .port_info 30 /OUTPUT 64 "p1_data_out";
    .port_info 31 /OUTPUT 1 "p1_valid_out";
    .port_info 32 /INPUT 1 "p1_ready_ext";
    .port_info 33 /OUTPUT 64 "p2_data_out";
    .port_info 34 /OUTPUT 1 "p2_valid_out";
    .port_info 35 /INPUT 1 "p2_ready_ext";
P_0x62c3775a2cb0 .param/l "ADDR_WIDTH" 0 4 5, +C4<00000000000000000000000000000101>;
P_0x62c3775a2cf0 .param/l "DATA_WIDTH" 0 4 4, +C4<00000000000000000000000001000000>;
v0x62c3775f9b40_0 .net "clk_in_0", 0 0, v0x62c3775fd8a0_0;  1 drivers
v0x62c3775f9c00_0 .net "clk_in_1", 0 0, v0x62c3775fd960_0;  1 drivers
v0x62c3775f9ca0_0 .net "clk_in_2", 0 0, v0x62c3775fda00_0;  1 drivers
v0x62c3775f9d40_0 .net "clk_out_0", 0 0, v0x62c3775fdaa0_0;  1 drivers
v0x62c3775f9e30_0 .net "clk_out_1", 0 0, v0x62c3775fdb40_0;  1 drivers
v0x62c3775f9f20_0 .net "clk_out_2", 0 0, v0x62c3775fdbe0_0;  1 drivers
v0x62c3775f9fc0_0 .net "gen_clk_in0_div2", 0 0, v0x62c3775757d0_0;  alias, 1 drivers
v0x62c3775fa060_0 .net "gen_clk_in1_div4", 0 0, v0x62c377536d60_0;  alias, 1 drivers
v0x62c3775fa100_0 .net "gen_clk_out0_div8", 0 0, v0x62c3774eea80_0;  alias, 1 drivers
v0x62c3775fa1a0_0 .net "p0_data_in", 63 0, v0x62c3775fe6f0_0;  1 drivers
v0x62c3775fa240_0 .net "p0_data_out", 63 0, v0x62c3775f43f0_0;  alias, 1 drivers
v0x62c3775fa2e0_0 .net "p0_dest_in", 1 0, v0x62c3775fe870_0;  1 drivers
v0x62c3775fa380_0 .net "p0_ready_ext", 0 0, v0x62c3775fe930_0;  1 drivers
v0x62c3775fa420_0 .net "p0_ready_out", 0 0, L_0x62c377612b10;  alias, 1 drivers
v0x62c3775fa4c0_0 .net "p0_valid_in", 0 0, v0x62c3775fea70_0;  1 drivers
v0x62c3775fa560_0 .net "p0_valid_out", 0 0, v0x62c3775f54c0_0;  alias, 1 drivers
v0x62c3775fa600_0 .net "p1_data_in", 63 0, v0x62c3775fec50_0;  1 drivers
v0x62c3775fa7b0_0 .net "p1_data_out", 63 0, v0x62c3775f6550_0;  alias, 1 drivers
v0x62c3775fa850_0 .net "p1_dest_in", 1 0, v0x62c3775fee70_0;  1 drivers
v0x62c3775fa8f0_0 .net "p1_ready_ext", 0 0, v0x62c3775fef80_0;  1 drivers
v0x62c3775fa990_0 .net "p1_ready_out", 0 0, L_0x62c3776135f0;  alias, 1 drivers
v0x62c3775faa30_0 .net "p1_valid_in", 0 0, v0x62c3775ff160_0;  1 drivers
v0x62c3775faad0_0 .net "p1_valid_out", 0 0, v0x62c3775f7680_0;  alias, 1 drivers
v0x62c3775fab70_0 .net "p2_data_in", 63 0, v0x62c3775ff550_0;  1 drivers
v0x62c3775fac10_0 .net "p2_data_out", 63 0, v0x62c3775f8710_0;  alias, 1 drivers
v0x62c3775facb0_0 .net "p2_dest_in", 1 0, v0x62c3775ff770_0;  1 drivers
v0x62c3775fad50_0 .net "p2_ready_ext", 0 0, v0x62c3775ff880_0;  1 drivers
v0x62c3775fadf0_0 .net "p2_ready_out", 0 0, L_0x62c3776140d0;  alias, 1 drivers
v0x62c3775fae90_0 .net "p2_valid_in", 0 0, v0x62c3775ffa60_0;  1 drivers
v0x62c3775faf60_0 .net "p2_valid_out", 0 0, v0x62c3775f9840_0;  alias, 1 drivers
v0x62c3775fb030 .array "rdata_bus", 8 0;
v0x62c3775fb030_0 .net v0x62c3775fb030 0, 63 0, L_0x62c377601630; 1 drivers
v0x62c3775fb030_1 .net v0x62c3775fb030 1, 63 0, L_0x62c377606f20; 1 drivers
v0x62c3775fb030_2 .net v0x62c3775fb030 2, 63 0, L_0x62c37760cc10; 1 drivers
v0x62c3775fb030_3 .net v0x62c3775fb030 3, 63 0, L_0x62c377603540; 1 drivers
v0x62c3775fb030_4 .net v0x62c3775fb030 4, 63 0, L_0x62c377608f10; 1 drivers
v0x62c3775fb030_5 .net v0x62c3775fb030 5, 63 0, L_0x62c37760ea60; 1 drivers
v0x62c3775fb030_6 .net v0x62c3775fb030 6, 63 0, L_0x62c377605200; 1 drivers
v0x62c3775fb030_7 .net v0x62c3775fb030 7, 63 0, L_0x62c37760aeb0; 1 drivers
v0x62c3775fb030_8 .net v0x62c3775fb030 8, 63 0, L_0x62c3776109b0; 1 drivers
v0x62c3775fb0d0 .array "rempty", 8 0;
v0x62c3775fb0d0_0 .net v0x62c3775fb0d0 0, 0 0, v0x62c3774f8990_0; 1 drivers
v0x62c3775fb0d0_1 .net v0x62c3775fb0d0 1, 0 0, v0x62c3775c9040_0; 1 drivers
v0x62c3775fb0d0_2 .net v0x62c3775fb0d0 2, 0 0, v0x62c3775dd2a0_0; 1 drivers
v0x62c3775fb0d0_3 .net v0x62c3775fb0d0 3, 0 0, v0x62c3775bb960_0; 1 drivers
v0x62c3775fb0d0_4 .net v0x62c3775fb0d0 4, 0 0, v0x62c3775cfa50_0; 1 drivers
v0x62c3775fb0d0_5 .net v0x62c3775fb0d0 5, 0 0, v0x62c3775e3d50_0; 1 drivers
v0x62c3775fb0d0_6 .net v0x62c3775fb0d0 6, 0 0, v0x62c3775c2320_0; 1 drivers
v0x62c3775fb0d0_7 .net v0x62c3775fb0d0 7, 0 0, v0x62c3775d64f0_0; 1 drivers
v0x62c3775fb0d0_8 .net v0x62c3775fb0d0 8, 0 0, v0x62c3775ea7f0_0; 1 drivers
v0x62c3775fb1c0 .array "rinc", 8 0;
v0x62c3775fb1c0_0 .net v0x62c3775fb1c0 0, 0 0, v0x62c3775f4fb0_0; 1 drivers
v0x62c3775fb1c0_1 .net v0x62c3775fb1c0 1, 0 0, v0x62c3775f50a0_0; 1 drivers
v0x62c3775fb1c0_2 .net v0x62c3775fb1c0 2, 0 0, v0x62c3775f5190_0; 1 drivers
v0x62c3775fb1c0_3 .net v0x62c3775fb1c0 3, 0 0, v0x62c3775f7130_0; 1 drivers
v0x62c3775fb1c0_4 .net v0x62c3775fb1c0 4, 0 0, v0x62c3775f7220_0; 1 drivers
v0x62c3775fb1c0_5 .net v0x62c3775fb1c0 5, 0 0, v0x62c3775f7310_0; 1 drivers
v0x62c3775fb1c0_6 .net v0x62c3775fb1c0 6, 0 0, v0x62c3775f92f0_0; 1 drivers
v0x62c3775fb1c0_7 .net v0x62c3775fb1c0 7, 0 0, v0x62c3775f93e0_0; 1 drivers
v0x62c3775fb1c0_8 .net v0x62c3775fb1c0 8, 0 0, v0x62c3775f94d0_0; 1 drivers
v0x62c3775fb4c0_0 .net "rst_n_in_0", 0 0, v0x62c3775ffe20_0;  1 drivers
v0x62c3775fb590_0 .net "rst_n_in_1", 0 0, v0x62c3775fff10_0;  1 drivers
v0x62c3775fb660_0 .net "rst_n_in_2", 0 0, v0x62c377600000_0;  1 drivers
v0x62c3775fb700_0 .net "rst_n_out_0", 0 0, v0x62c3776000a0_0;  1 drivers
v0x62c3775fb7f0_0 .net "rst_n_out_1", 0 0, v0x62c377600140_0;  1 drivers
v0x62c3775fb890_0 .net "rst_n_out_2", 0 0, v0x62c377600230_0;  1 drivers
v0x62c3775fb960 .array "wdata_bus", 0 2;
v0x62c3775fb960_0 .net v0x62c3775fb960 0, 63 0, L_0x62c377612260; 1 drivers
v0x62c3775fb960_1 .net v0x62c3775fb960 1, 63 0, L_0x62c377612ca0; 1 drivers
v0x62c3775fb960_2 .net v0x62c3775fb960 2, 63 0, L_0x62c377613780; 1 drivers
v0x62c3775fba00 .array "wfull", 8 0;
v0x62c3775fba00_0 .net v0x62c3775fba00 0, 0 0, v0x62c377457b80_0; 1 drivers
v0x62c3775fba00_1 .net v0x62c3775fba00 1, 0 0, v0x62c3775be400_0; 1 drivers
v0x62c3775fba00_2 .net v0x62c3775fba00 2, 0 0, v0x62c3775c4df0_0; 1 drivers
v0x62c3775fba00_3 .net v0x62c3775fba00 3, 0 0, v0x62c3775cbb20_0; 1 drivers
v0x62c3775fba00_4 .net v0x62c3775fba00 4, 0 0, v0x62c3775d25d0_0; 1 drivers
v0x62c3775fba00_5 .net v0x62c3775fba00 5, 0 0, v0x62c3775d90a0_0; 1 drivers
v0x62c3775fba00_6 .net v0x62c3775fba00 6, 0 0, v0x62c3775dfe20_0; 1 drivers
v0x62c3775fba00_7 .net v0x62c3775fba00 7, 0 0, v0x62c3775e68d0_0; 1 drivers
v0x62c3775fba00_8 .net v0x62c3775fba00 8, 0 0, v0x62c3775ed3a0_0; 1 drivers
v0x62c3775fbf70 .array "winc", 8 0;
v0x62c3775fbf70_0 .net v0x62c3775fbf70 0, 0 0, v0x62c3775f01c0_0; 1 drivers
v0x62c3775fbf70_1 .net v0x62c3775fbf70 1, 0 0, v0x62c3775f0260_0; 1 drivers
v0x62c3775fbf70_2 .net v0x62c3775fbf70 2, 0 0, v0x62c3775f0300_0; 1 drivers
v0x62c3775fbf70_3 .net v0x62c3775fbf70 3, 0 0, v0x62c3775f1a30_0; 1 drivers
v0x62c3775fbf70_4 .net v0x62c3775fbf70 4, 0 0, v0x62c3775f1ad0_0; 1 drivers
v0x62c3775fbf70_5 .net v0x62c3775fbf70 5, 0 0, v0x62c3775f1b70_0; 1 drivers
v0x62c3775fbf70_6 .net v0x62c3775fbf70 6, 0 0, v0x62c3775f32e0_0; 1 drivers
v0x62c3775fbf70_7 .net v0x62c3775fbf70 7, 0 0, v0x62c3775f3380_0; 1 drivers
v0x62c3775fbf70_8 .net v0x62c3775fbf70 8, 0 0, v0x62c3775f3420_0; 1 drivers
S_0x62c3775602b0 .scope module, "DIV_IN0" "clk_divider" 4 64, 5 3 0, S_0x62c377551b60;
 .timescale -9 -12;
    .port_info 0 /INPUT 1 "clk_in";
    .port_info 1 /INPUT 1 "rst_n";
    .port_info 2 /OUTPUT 1 "clk_div2";
    .port_info 3 /OUTPUT 1 "clk_div4";
    .port_info 4 /OUTPUT 1 "clk_div8";
v0x62c3775757d0_0 .var "clk_div2", 0 0;
v0x62c377581490_0 .var "clk_div4", 0 0;
v0x62c377581550_0 .var "clk_div8", 0 0;
v0x62c377562220_0 .net "clk_in", 0 0, v0x62c3775fd8a0_0;  alias, 1 drivers
v0x62c3775622e0_0 .var "counter", 2 0;
v0x62c377553ad0_0 .net "rst_n", 0 0, v0x62c3775ffe20_0;  alias, 1 drivers
E_0x62c3775b69c0/0 .event negedge, v0x62c377553ad0_0;
E_0x62c3775b69c0/1 .event posedge, v0x62c377562220_0;
E_0x62c3775b69c0 .event/or E_0x62c3775b69c0/0, E_0x62c3775b69c0/1;
S_0x62c377545350 .scope module, "DIV_IN1" "clk_divider" 4 65, 5 3 0, S_0x62c377551b60;
 .timescale -9 -12;
    .port_info 0 /INPUT 1 "clk_in";
    .port_info 1 /INPUT 1 "rst_n";
    .port_info 2 /OUTPUT 1 "clk_div2";
    .port_info 3 /OUTPUT 1 "clk_div4";
    .port_info 4 /OUTPUT 1 "clk_div8";
v0x62c377536c80_0 .var "clk_div2", 0 0;
v0x62c377536d60_0 .var "clk_div4", 0 0;
v0x62c377528510_0 .var "clk_div8", 0 0;
v0x62c377528600_0 .net "clk_in", 0 0, v0x62c3775fd960_0;  alias, 1 drivers
v0x62c377519d90_0 .var "counter", 2 0;
v0x62c377519ea0_0 .net "rst_n", 0 0, v0x62c3775fff10_0;  alias, 1 drivers
E_0x62c3775454e0/0 .event negedge, v0x62c377519ea0_0;
E_0x62c3775454e0/1 .event posedge, v0x62c377528600_0;
E_0x62c3775454e0 .event/or E_0x62c3775454e0/0, E_0x62c3775454e0/1;
S_0x62c3774fcfb0 .scope module, "DIV_OUT0" "clk_divider" 4 66, 5 3 0, S_0x62c377551b60;
 .timescale -9 -12;
    .port_info 0 /INPUT 1 "clk_in";
    .port_info 1 /INPUT 1 "rst_n";
    .port_info 2 /OUTPUT 1 "clk_div2";
    .port_info 3 /OUTPUT 1 "clk_div4";
    .port_info 4 /OUTPUT 1 "clk_div8";
v0x62c37750b7b0_0 .var "clk_div2", 0 0;
v0x62c3774ee9c0_0 .var "clk_div4", 0 0;
v0x62c3774eea80_0 .var "clk_div8", 0 0;
v0x62c377564030_0 .net "clk_in", 0 0, v0x62c3775fdaa0_0;  alias, 1 drivers
v0x62c3775640d0_0 .var "counter", 2 0;
v0x62c377569380_0 .net "rst_n", 0 0, v0x62c3776000a0_0;  alias, 1 drivers
E_0x62c3774fd140/0 .event negedge, v0x62c377569380_0;
E_0x62c3774fd140/1 .event posedge, v0x62c377564030_0;
E_0x62c3774fd140 .event/or E_0x62c3774fd140/0, E_0x62c3774fd140/1;
S_0x62c3775558e0 .scope generate, "GEN_IN[0]" "GEN_IN[0]" 4 110, 4 110 0, S_0x62c377551b60;
 .timescale -9 -12;
P_0x62c37755ac30 .param/l "in_idx" 0 4 110, +C4<00>;
S_0x62c377547160 .scope generate, "GEN_OUT[0]" "GEN_OUT[0]" 4 111, 4 111 0, S_0x62c3775558e0;
 .timescale -9 -12;
P_0x62c37755ad80 .param/l "out_idx" 0 4 111, +C4<00>;
L_0x62c3776010f0 .functor BUFZ 1, v0x62c3775fd8a0_0, C4<0>, C4<0>, C4<0>;
L_0x62c377601160 .functor BUFZ 1, v0x62c3775ffe20_0, C4<0>, C4<0>, C4<0>;
L_0x62c3776011d0 .functor BUFZ 1, v0x62c3775fdaa0_0, C4<0>, C4<0>, C4<0>;
L_0x62c377601360 .functor BUFZ 1, v0x62c3776000a0_0, C4<0>, C4<0>, C4<0>;
v0x62c3775b9030_0 .net "fifo_rclk", 0 0, L_0x62c3776011d0;  1 drivers
v0x62c3775b90f0_0 .net "fifo_rrst", 0 0, L_0x62c377601360;  1 drivers
v0x62c3775b91b0_0 .net "fifo_wclk", 0 0, L_0x62c3776010f0;  1 drivers
v0x62c3775b92e0_0 .net "fifo_wrst", 0 0, L_0x62c377601160;  1 drivers
S_0x62c377538a70 .scope module, "FIFO_CROSSPOINT" "top_fifo" 4 124, 6 3 0, S_0x62c377547160;
 .timescale -9 -12;
    .port_info 0 /INPUT 1 "wclk";
    .port_info 1 /INPUT 1 "wrst_n";
    .port_info 2 /INPUT 1 "winc";
    .port_info 3 /INPUT 64 "wdata";
    .port_info 4 /OUTPUT 1 "wfull";
    .port_info 5 /INPUT 1 "rclk";
    .port_info 6 /INPUT 1 "rrst_n";
    .port_info 7 /INPUT 1 "rinc";
    .port_info 8 /OUTPUT 64 "rdata";
    .port_info 9 /OUTPUT 1 "rempty";
P_0x62c3775b6580 .param/l "ASIZE" 0 6 5, +C4<00000000000000000000000000000101>;
P_0x62c3775b65c0 .param/l "DSIZE" 0 6 4, +C4<00000000000000000000000001000000>;
v0x62c37745e3d0_0 .net "raddr", 4 0, L_0x62c3776024c0;  1 drivers
v0x62c377448010_0 .net "rclk", 0 0, L_0x62c3776011d0;  alias, 1 drivers
v0x62c377448120_0 .net "rdata", 63 0, L_0x62c377601630;  alias, 1 drivers
v0x62c3774481c0_0 .net "rempty", 0 0, v0x62c3774f8990_0;  alias, 1 drivers
v0x62c377448290_0 .net "rinc", 0 0, v0x62c3775f4fb0_0;  alias, 1 drivers
v0x62c377448380_0 .net "rptr", 5 0, v0x62c377422120_0;  1 drivers
v0x62c3775b8720_0 .net "rq2_wptr", 5 0, v0x62c37742e070_0;  1 drivers
v0x62c3775b87c0_0 .net "rrst_n", 0 0, L_0x62c377601360;  alias, 1 drivers
v0x62c3775b8860_0 .net "waddr", 4 0, L_0x62c377601730;  1 drivers
v0x62c3775b8900_0 .net "wclk", 0 0, L_0x62c3776010f0;  alias, 1 drivers
v0x62c3775b89a0_0 .net "wdata", 63 0, L_0x62c377612260;  alias, 1 drivers
v0x62c3775b8a40_0 .net "wfull", 0 0, v0x62c377457b80_0;  alias, 1 drivers
v0x62c3775b8b30_0 .net "winc", 0 0, v0x62c3775f01c0_0;  alias, 1 drivers
v0x62c3775b8c20_0 .net "wptr", 5 0, v0x62c37745e0c0_0;  1 drivers
v0x62c3775b8d10_0 .net "wq2_rptr", 5 0, v0x62c377429190_0;  1 drivers
v0x62c3775b8e00_0 .net "wrst_n", 0 0, L_0x62c377601160;  alias, 1 drivers
S_0x62c37752f670 .scope module, "fifomem_inst" "fifo" 6 31, 7 3 0, S_0x62c377538a70;
 .timescale -9 -12;
    .port_info 0 /INPUT 1 "wclk";
    .port_info 1 /INPUT 1 "wclken";
    .port_info 2 /INPUT 1 "wfull";
    .port_info 3 /INPUT 5 "waddr";
    .port_info 4 /INPUT 5 "raddr";
    .port_info 5 /INPUT 64 "wdata";
    .port_info 6 /OUTPUT 64 "rdata";
P_0x62c37753dea0 .param/l "ADDRSIZE" 0 7 5, +C4<00000000000000000000000000000101>;
P_0x62c37753dee0 .param/l "DATASIZE" 0 7 4, +C4<00000000000000000000000001000000>;
P_0x62c37753df20 .param/l "DEPTH" 1 7 17, +C4<0000000000000000000000000000000100000>;
L_0x62c377601630 .functor BUFZ 64, L_0x62c3776014f0, C4<0000000000000000000000000000000000000000000000000000000000000000>, C4<0000000000000000000000000000000000000000000000000000000000000000>, C4<0000000000000000000000000000000000000000000000000000000000000000>;
v0x62c37754c5e0_0 .net *"_ivl_0", 63 0, L_0x62c3776014f0;  1 drivers
v0x62c377520f50_0 .net *"_ivl_2", 6 0, L_0x62c377601590;  1 drivers
L_0x7f0b02053060 .functor BUFT 1, C4<00>, C4<0>, C4<0>, C4<0>;
v0x62c37750d4b0_0 .net *"_ivl_5", 1 0, L_0x7f0b02053060;  1 drivers
v0x62c37750d5a0 .array "mem", 31 0, 63 0;
v0x62c377512800_0 .net "raddr", 4 0, L_0x62c3776024c0;  alias, 1 drivers
v0x62c377512910_0 .net "rdata", 63 0, L_0x62c377601630;  alias, 1 drivers
v0x62c3774fedc0_0 .net "waddr", 4 0, L_0x62c377601730;  alias, 1 drivers
v0x62c3774feea0_0 .net "wclk", 0 0, L_0x62c3776010f0;  alias, 1 drivers
v0x62c377504110_0 .net "wclken", 0 0, v0x62c3775f01c0_0;  alias, 1 drivers
v0x62c3775041d0_0 .net "wdata", 63 0, L_0x62c377612260;  alias, 1 drivers
v0x62c3774f07b0_0 .net "wfull", 0 0, v0x62c377457b80_0;  alias, 1 drivers
E_0x62c37752f800 .event posedge, v0x62c3774feea0_0;
L_0x62c3776014f0 .array/port v0x62c37750d5a0, L_0x62c377601590;
L_0x62c377601590 .concat [ 5 2 0 0], L_0x62c3776024c0, L_0x7f0b02053060;
S_0x62c37756c260 .scope module, "rptr_empty_inst" "rptr_empty" 6 81, 8 3 0, S_0x62c377538a70;
 .timescale -9 -12;
    .port_info 0 /INPUT 1 "rclk";
    .port_info 1 /INPUT 1 "rrst_n";
    .port_info 2 /INPUT 1 "rinc";
    .port_info 3 /INPUT 6 "rq2_wptr";
    .port_info 4 /OUTPUT 1 "rempty";
    .port_info 5 /OUTPUT 5 "raddr";
    .port_info 6 /OUTPUT 6 "rptr";
P_0x62c377521050 .param/l "ADDRSIZE" 0 8 4, +C4<00000000000000000000000000000101>;
L_0x62c377602850 .functor NOT 6, L_0x62c377602720, C4<000000>, C4<000000>, C4<000000>;
L_0x62c3776028c0 .functor AND 6, L_0x62c3776025f0, L_0x62c377602850, C4<111111>, C4<111111>;
L_0x62c377602a20 .functor XOR 6, L_0x62c377602c20, L_0x62c377602980, C4<000000>, C4<000000>;
v0x62c37754f390_0 .net *"_ivl_10", 5 0, L_0x62c377602850;  1 drivers
v0x62c37754f490_0 .net *"_ivl_12", 5 0, L_0x62c3776028c0;  1 drivers
v0x62c377540ca0_0 .net *"_ivl_16", 5 0, L_0x62c377602c20;  1 drivers
v0x62c377540d80_0 .net *"_ivl_18", 4 0, L_0x62c377602b30;  1 drivers
v0x62c377532550_0 .net *"_ivl_2", 5 0, L_0x62c3776025f0;  1 drivers
L_0x7f0b02053210 .functor BUFT 1, C4<0>, C4<0>, C4<0>, C4<0>;
v0x62c377532660_0 .net *"_ivl_20", 0 0, L_0x7f0b02053210;  1 drivers
L_0x7f0b02053180 .functor BUFT 1, C4<00000>, C4<0>, C4<0>, C4<0>;
v0x62c377523dd0_0 .net *"_ivl_5", 4 0, L_0x7f0b02053180;  1 drivers
v0x62c377523e90_0 .net *"_ivl_6", 5 0, L_0x62c377602720;  1 drivers
L_0x7f0b020531c8 .functor BUFT 1, C4<00000>, C4<0>, C4<0>, C4<0>;
v0x62c3775156e0_0 .net *"_ivl_9", 4 0, L_0x7f0b020531c8;  1 drivers
v0x62c3775157c0_0 .net "raddr", 4 0, L_0x62c3776024c0;  alias, 1 drivers
v0x62c377506ff0_0 .var "rbin", 5 0;
v0x62c3775070b0_0 .net "rbinnext", 5 0, L_0x62c377602980;  1 drivers
v0x62c3774f88d0_0 .net "rclk", 0 0, L_0x62c3776011d0;  alias, 1 drivers
v0x62c3774f8990_0 .var "rempty", 0 0;
v0x62c377421ec0_0 .net "rempty_val", 0 0, L_0x62c377602df0;  1 drivers
v0x62c377421f80_0 .net "rgraynext", 5 0, L_0x62c377602a20;  1 drivers
v0x62c377422060_0 .net "rinc", 0 0, v0x62c3775f4fb0_0;  alias, 1 drivers
v0x62c377422120_0 .var "rptr", 5 0;
v0x62c377422200_0 .net "rq2_wptr", 5 0, v0x62c37742e070_0;  alias, 1 drivers
v0x62c3774222e0_0 .net "rrst_n", 0 0, L_0x62c377601360;  alias, 1 drivers
E_0x62c37755dca0/0 .event negedge, v0x62c3774222e0_0;
E_0x62c37755dca0/1 .event posedge, v0x62c3774f88d0_0;
E_0x62c37755dca0 .event/or E_0x62c37755dca0/0, E_0x62c37755dca0/1;
L_0x62c3776024c0 .part v0x62c377506ff0_0, 0, 5;
L_0x62c3776025f0 .concat [ 1 5 0 0], v0x62c3775f4fb0_0, L_0x7f0b02053180;
L_0x62c377602720 .concat [ 1 5 0 0], v0x62c3774f8990_0, L_0x7f0b020531c8;
L_0x62c377602980 .arith/sum 6, v0x62c377506ff0_0, L_0x62c3776028c0;
L_0x62c377602b30 .part L_0x62c377602980, 1, 5;
L_0x62c377602c20 .concat [ 5 1 0 0], L_0x62c377602b30, L_0x7f0b02053210;
L_0x62c377602df0 .cmp/eq 6, L_0x62c377602a20, v0x62c37742e070_0;
S_0x62c3774253c0 .scope module, "sync_r2w_inst" "sync_r2w" 6 45, 9 3 0, S_0x62c377538a70;
 .timescale -9 -12;
    .port_info 0 /INPUT 1 "wclk";
    .port_info 1 /INPUT 1 "wrst_n";
    .port_info 2 /INPUT 6 "rptr";
    .port_info 3 /OUTPUT 6 "wq2_rptr";
P_0x62c377425550 .param/l "N" 0 9 4, +C4<000000000000000000000000000000110>;
v0x62c377425640_0 .net "rptr", 5 0, v0x62c377422120_0;  alias, 1 drivers
v0x62c377425750_0 .net "wclk", 0 0, L_0x62c3776010f0;  alias, 1 drivers
v0x62c3774290c0_0 .var "wq1_rptr", 5 0;
v0x62c377429190_0 .var "wq2_rptr", 5 0;
v0x62c377429250_0 .net "wrst_n", 0 0, L_0x62c377601160;  alias, 1 drivers
E_0x62c3775472f0/0 .event negedge, v0x62c377429250_0;
E_0x62c3775472f0/1 .event posedge, v0x62c3774feea0_0;
E_0x62c3775472f0 .event/or E_0x62c3775472f0/0, E_0x62c3775472f0/1;
S_0x62c3774293e0 .scope module, "sync_w2r_inst" "sync_w2r" 6 56, 10 3 0, S_0x62c377538a70;
 .timescale -9 -12;
    .port_info 0 /INPUT 1 "rclk";
    .port_info 1 /INPUT 1 "rrst_n";
    .port_info 2 /INPUT 6 "wptr";
    .port_info 3 /OUTPUT 6 "rq2_wptr";
P_0x62c37742ddf0 .param/l "N" 0 10 4, +C4<000000000000000000000000000000110>;
v0x62c37742dec0_0 .net "rclk", 0 0, L_0x62c3776011d0;  alias, 1 drivers
v0x62c37742dfb0_0 .var "rq1_wptr", 5 0;
v0x62c37742e070_0 .var "rq2_wptr", 5 0;
v0x62c37742e170_0 .net "rrst_n", 0 0, L_0x62c377601360;  alias, 1 drivers
v0x62c37743ba60_0 .net "wptr", 5 0, v0x62c37745e0c0_0;  alias, 1 drivers
S_0x62c37743bbb0 .scope module, "wptr_full_inst" "wptr_full" 6 67, 11 3 0, S_0x62c377538a70;
 .timescale -9 -12;
    .port_info 0 /INPUT 1 "wclk";
    .port_info 1 /INPUT 1 "wrst_n";
    .port_info 2 /INPUT 1 "winc";
    .port_info 3 /INPUT 6 "wq2_rptr";
    .port_info 4 /OUTPUT 1 "wfull";
    .port_info 5 /OUTPUT 5 "waddr";
    .port_info 6 /OUTPUT 6 "wptr";
P_0x62c37743bde0 .param/l "ADDRSIZE" 0 11 4, +C4<00000000000000000000000000000101>;
L_0x62c377601910 .functor NOT 6, L_0x62c377601870, C4<000000>, C4<000000>, C4<000000>;
L_0x62c377601980 .functor AND 6, L_0x62c3776017d0, L_0x62c377601910, C4<111111>, C4<111111>;
L_0x62c377601b30 .functor XOR 6, L_0x62c377601d80, L_0x62c377601a90, C4<000000>, C4<000000>;
L_0x62c377601ff0 .functor NOT 2, L_0x62c377601f50, C4<00>, C4<00>, C4<00>;
v0x62c37743be80_0 .net *"_ivl_10", 5 0, L_0x62c377601910;  1 drivers
v0x62c377441d90_0 .net *"_ivl_12", 5 0, L_0x62c377601980;  1 drivers
v0x62c377441e70_0 .net *"_ivl_16", 5 0, L_0x62c377601d80;  1 drivers
v0x62c377441f30_0 .net *"_ivl_18", 4 0, L_0x62c377601c40;  1 drivers
v0x62c377442010_0 .net *"_ivl_2", 5 0, L_0x62c3776017d0;  1 drivers
L_0x7f0b02053138 .functor BUFT 1, C4<0>, C4<0>, C4<0>, C4<0>;
v0x62c377444e30_0 .net *"_ivl_20", 0 0, L_0x7f0b02053138;  1 drivers
v0x62c377444f10_0 .net *"_ivl_25", 1 0, L_0x62c377601f50;  1 drivers
v0x62c377444ff0_0 .net *"_ivl_26", 1 0, L_0x62c377601ff0;  1 drivers
v0x62c3774450d0_0 .net *"_ivl_29", 3 0, L_0x62c3776020b0;  1 drivers
v0x62c3774451b0_0 .net *"_ivl_30", 5 0, L_0x62c377602230;  1 drivers
L_0x7f0b020530a8 .functor BUFT 1, C4<00000>, C4<0>, C4<0>, C4<0>;
v0x62c377451a90_0 .net *"_ivl_5", 4 0, L_0x7f0b020530a8;  1 drivers
v0x62c377451b70_0 .net *"_ivl_6", 5 0, L_0x62c377601870;  1 drivers
L_0x7f0b020530f0 .functor BUFT 1, C4<00000>, C4<0>, C4<0>, C4<0>;
v0x62c377451c50_0 .net *"_ivl_9", 4 0, L_0x7f0b020530f0;  1 drivers
v0x62c377451d30_0 .net "waddr", 4 0, L_0x62c377601730;  alias, 1 drivers
v0x62c377451df0_0 .var "wbin", 5 0;
v0x62c377451eb0_0 .net "wbinnext", 5 0, L_0x62c377601a90;  1 drivers
v0x62c3774579d0_0 .net "wclk", 0 0, L_0x62c3776010f0;  alias, 1 drivers
v0x62c377457b80_0 .var "wfull", 0 0;
v0x62c377457c20_0 .net "wfull_val", 0 0, L_0x62c377602320;  1 drivers
v0x62c377457cc0_0 .net "wgraynext", 5 0, L_0x62c377601b30;  1 drivers
v0x62c377457d80_0 .net "winc", 0 0, v0x62c3775f01c0_0;  alias, 1 drivers
v0x62c37745e0c0_0 .var "wptr", 5 0;
v0x62c37745e190_0 .net "wq2_rptr", 5 0, v0x62c377429190_0;  alias, 1 drivers
v0x62c37745e260_0 .net "wrst_n", 0 0, L_0x62c377601160;  alias, 1 drivers
L_0x62c377601730 .part v0x62c377451df0_0, 0, 5;
L_0x62c3776017d0 .concat [ 1 5 0 0], v0x62c3775f01c0_0, L_0x7f0b020530a8;
L_0x62c377601870 .concat [ 1 5 0 0], v0x62c377457b80_0, L_0x7f0b020530f0;
L_0x62c377601a90 .arith/sum 6, v0x62c377451df0_0, L_0x62c377601980;
L_0x62c377601c40 .part L_0x62c377601a90, 1, 5;
L_0x62c377601d80 .concat [ 5 1 0 0], L_0x62c377601c40, L_0x7f0b02053138;
L_0x62c377601f50 .part v0x62c377429190_0, 4, 2;
L_0x62c3776020b0 .part v0x62c377429190_0, 0, 4;
L_0x62c377602230 .concat [ 4 2 0 0], L_0x62c3776020b0, L_0x62c377601ff0;
L_0x62c377602320 .cmp/eq 6, L_0x62c377601b30, L_0x62c377602230;
S_0x62c3775b9380 .scope generate, "GEN_OUT[1]" "GEN_OUT[1]" 4 111, 4 111 0, S_0x62c3775558e0;
 .timescale -9 -12;
P_0x62c3775b9510 .param/l "out_idx" 0 4 111, +C4<01>;
L_0x62c377602ee0 .functor BUFZ 1, v0x62c3775fd8a0_0, C4<0>, C4<0>, C4<0>;
L_0x62c377602fe0 .functor BUFZ 1, v0x62c3775ffe20_0, C4<0>, C4<0>, C4<0>;
L_0x62c377603170 .functor BUFZ 1, v0x62c3775fdb40_0, C4<0>, C4<0>, C4<0>;
L_0x62c377603270 .functor BUFZ 1, v0x62c377600140_0, C4<0>, C4<0>, C4<0>;
v0x62c3775bfa20_0 .net "fifo_rclk", 0 0, L_0x62c377603170;  1 drivers
v0x62c3775bfae0_0 .net "fifo_rrst", 0 0, L_0x62c377603270;  1 drivers
v0x62c3775bfba0_0 .net "fifo_wclk", 0 0, L_0x62c377602ee0;  1 drivers
v0x62c3775bfcd0_0 .net "fifo_wrst", 0 0, L_0x62c377602fe0;  1 drivers
S_0x62c3775b95d0 .scope module, "FIFO_CROSSPOINT" "top_fifo" 4 124, 6 3 0, S_0x62c3775b9380;
 .timescale -9 -12;
    .port_info 0 /INPUT 1 "wclk";
    .port_info 1 /INPUT 1 "wrst_n";
    .port_info 2 /INPUT 1 "winc";
    .port_info 3 /INPUT 64 "wdata";
    .port_info 4 /OUTPUT 1 "wfull";
    .port_info 5 /INPUT 1 "rclk";
    .port_info 6 /INPUT 1 "rrst_n";
    .port_info 7 /INPUT 1 "rinc";
    .port_info 8 /OUTPUT 64 "rdata";
    .port_info 9 /OUTPUT 1 "rempty";
P_0x62c3775b97b0 .param/l "ASIZE" 0 6 5, +C4<00000000000000000000000000000101>;
P_0x62c3775b97f0 .param/l "DSIZE" 0 6 4, +C4<00000000000000000000000001000000>;
v0x62c3775bea40_0 .net "raddr", 4 0, L_0x62c377604330;  1 drivers
v0x62c3775beb70_0 .net "rclk", 0 0, L_0x62c377603170;  alias, 1 drivers
v0x62c3775bec80_0 .net "rdata", 63 0, L_0x62c377603540;  alias, 1 drivers
v0x62c3775bed20_0 .net "rempty", 0 0, v0x62c3775bb960_0;  alias, 1 drivers
v0x62c3775bedf0_0 .net "rinc", 0 0, v0x62c3775f7130_0;  alias, 1 drivers
v0x62c3775beee0_0 .net "rptr", 5 0, v0x62c3775bbd90_0;  1 drivers
v0x62c3775befd0_0 .net "rq2_wptr", 5 0, v0x62c3775bcd40_0;  1 drivers
v0x62c3775bf0c0_0 .net "rrst_n", 0 0, L_0x62c377603270;  alias, 1 drivers
v0x62c3775bf1b0_0 .net "waddr", 4 0, L_0x62c377603640;  1 drivers
v0x62c3775bf250_0 .net "wclk", 0 0, L_0x62c377602ee0;  alias, 1 drivers
v0x62c3775bf2f0_0 .net "wdata", 63 0, L_0x62c377612260;  alias, 1 drivers
v0x62c3775bf390_0 .net "wfull", 0 0, v0x62c3775be400_0;  alias, 1 drivers
v0x62c3775bf480_0 .net "winc", 0 0, v0x62c3775f0260_0;  alias, 1 drivers
v0x62c3775bf570_0 .net "wptr", 5 0, v0x62c3775be6f0_0;  1 drivers
v0x62c3775bf680_0 .net "wq2_rptr", 5 0, v0x62c3775bc690_0;  1 drivers
v0x62c3775bf790_0 .net "wrst_n", 0 0, L_0x62c377602fe0;  alias, 1 drivers
S_0x62c3775b9a70 .scope module, "fifomem_inst" "fifo" 6 31, 7 3 0, S_0x62c3775b95d0;
 .timescale -9 -12;
    .port_info 0 /INPUT 1 "wclk";
    .port_info 1 /INPUT 1 "wclken";
    .port_info 2 /INPUT 1 "wfull";
    .port_info 3 /INPUT 5 "waddr";
    .port_info 4 /INPUT 5 "raddr";
    .port_info 5 /INPUT 64 "wdata";
    .port_info 6 /OUTPUT 64 "rdata";
P_0x62c3775b9c70 .param/l "ADDRSIZE" 0 7 5, +C4<00000000000000000000000000000101>;
P_0x62c3775b9cb0 .param/l "DATASIZE" 0 7 4, +C4<00000000000000000000000001000000>;
P_0x62c3775b9cf0 .param/l "DEPTH" 1 7 17, +C4<0000000000000000000000000000000100000>;
L_0x62c377603540 .functor BUFZ 64, L_0x62c377603370, C4<0000000000000000000000000000000000000000000000000000000000000000>, C4<0000000000000000000000000000000000000000000000000000000000000000>, C4<0000000000000000000000000000000000000000000000000000000000000000>;
v0x62c3775b9e30_0 .net *"_ivl_0", 63 0, L_0x62c377603370;  1 drivers
v0x62c3775ba060_0 .net *"_ivl_2", 6 0, L_0x62c377603410;  1 drivers
L_0x7f0b02053258 .functor BUFT 1, C4<00>, C4<0>, C4<0>, C4<0>;
v0x62c3775ba140_0 .net *"_ivl_5", 1 0, L_0x7f0b02053258;  1 drivers
v0x62c3775ba200 .array "mem", 31 0, 63 0;
v0x62c3775ba2c0_0 .net "raddr", 4 0, L_0x62c377604330;  alias, 1 drivers
v0x62c3775ba3f0_0 .net "rdata", 63 0, L_0x62c377603540;  alias, 1 drivers
v0x62c3775ba4d0_0 .net "waddr", 4 0, L_0x62c377603640;  alias, 1 drivers
v0x62c3775ba5b0_0 .net "wclk", 0 0, L_0x62c377602ee0;  alias, 1 drivers
v0x62c3775ba670_0 .net "wclken", 0 0, v0x62c3775f0260_0;  alias, 1 drivers
v0x62c3775ba730_0 .net "wdata", 63 0, L_0x62c377612260;  alias, 1 drivers
v0x62c3775ba7f0_0 .net "wfull", 0 0, v0x62c3775be400_0;  alias, 1 drivers
E_0x62c3775b9f80 .event posedge, v0x62c3775ba5b0_0;
L_0x62c377603370 .array/port v0x62c3775ba200, L_0x62c377603410;
L_0x62c377603410 .concat [ 5 2 0 0], L_0x62c377604330, L_0x7f0b02053258;
S_0x62c3775ba9d0 .scope module, "rptr_empty_inst" "rptr_empty" 6 81, 8 3 0, S_0x62c3775b95d0;
 .timescale -9 -12;
    .port_info 0 /INPUT 1 "rclk";
    .port_info 1 /INPUT 1 "rrst_n";
    .port_info 2 /INPUT 1 "rinc";
    .port_info 3 /INPUT 6 "rq2_wptr";
    .port_info 4 /OUTPUT 1 "rempty";
    .port_info 5 /OUTPUT 5 "raddr";
    .port_info 6 /OUTPUT 6 "rptr";
P_0x62c3775babd0 .param/l "ADDRSIZE" 0 8 4, +C4<00000000000000000000000000000101>;
L_0x62c3776046c0 .functor NOT 6, L_0x62c377604590, C4<000000>, C4<000000>, C4<000000>;
L_0x62c377604730 .functor AND 6, L_0x62c377604460, L_0x62c3776046c0, C4<111111>, C4<111111>;
L_0x62c377604890 .functor XOR 6, L_0x62c377604a90, L_0x62c3776047f0, C4<000000>, C4<000000>;
v0x62c3775bae10_0 .net *"_ivl_10", 5 0, L_0x62c3776046c0;  1 drivers
v0x62c3775baf10_0 .net *"_ivl_12", 5 0, L_0x62c377604730;  1 drivers
v0x62c3775baff0_0 .net *"_ivl_16", 5 0, L_0x62c377604a90;  1 drivers
v0x62c3775bb0b0_0 .net *"_ivl_18", 4 0, L_0x62c3776049a0;  1 drivers
v0x62c3775bb190_0 .net *"_ivl_2", 5 0, L_0x62c377604460;  1 drivers
L_0x7f0b02053408 .functor BUFT 1, C4<0>, C4<0>, C4<0>, C4<0>;
v0x62c3775bb2c0_0 .net *"_ivl_20", 0 0, L_0x7f0b02053408;  1 drivers
L_0x7f0b02053378 .functor BUFT 1, C4<00000>, C4<0>, C4<0>, C4<0>;
v0x62c3775bb3a0_0 .net *"_ivl_5", 4 0, L_0x7f0b02053378;  1 drivers
v0x62c3775bb480_0 .net *"_ivl_6", 5 0, L_0x62c377604590;  1 drivers
L_0x7f0b020533c0 .functor BUFT 1, C4<00000>, C4<0>, C4<0>, C4<0>;
v0x62c3775bb560_0 .net *"_ivl_9", 4 0, L_0x7f0b020533c0;  1 drivers
v0x62c3775bb640_0 .net "raddr", 4 0, L_0x62c377604330;  alias, 1 drivers
v0x62c3775bb700_0 .var "rbin", 5 0;
v0x62c3775bb7c0_0 .net "rbinnext", 5 0, L_0x62c3776047f0;  1 drivers
v0x62c3775bb8a0_0 .net "rclk", 0 0, L_0x62c377603170;  alias, 1 drivers
v0x62c3775bb960_0 .var "rempty", 0 0;
v0x62c3775bba20_0 .net "rempty_val", 0 0, L_0x62c377604c60;  1 drivers
v0x62c3775bbae0_0 .net "rgraynext", 5 0, L_0x62c377604890;  1 drivers
v0x62c3775bbbc0_0 .net "rinc", 0 0, v0x62c3775f7130_0;  alias, 1 drivers
v0x62c3775bbd90_0 .var "rptr", 5 0;
v0x62c3775bbe70_0 .net "rq2_wptr", 5 0, v0x62c3775bcd40_0;  alias, 1 drivers
v0x62c3775bbf50_0 .net "rrst_n", 0 0, L_0x62c377603270;  alias, 1 drivers
E_0x62c3775badb0/0 .event negedge, v0x62c3775bbf50_0;
E_0x62c3775badb0/1 .event posedge, v0x62c3775bb8a0_0;
E_0x62c3775badb0 .event/or E_0x62c3775badb0/0, E_0x62c3775badb0/1;
L_0x62c377604330 .part v0x62c3775bb700_0, 0, 5;
L_0x62c377604460 .concat [ 1 5 0 0], v0x62c3775f7130_0, L_0x7f0b02053378;
L_0x62c377604590 .concat [ 1 5 0 0], v0x62c3775bb960_0, L_0x7f0b020533c0;
L_0x62c3776047f0 .arith/sum 6, v0x62c3775bb700_0, L_0x62c377604730;
L_0x62c3776049a0 .part L_0x62c3776047f0, 1, 5;
L_0x62c377604a90 .concat [ 5 1 0 0], L_0x62c3776049a0, L_0x7f0b02053408;
L_0x62c377604c60 .cmp/eq 6, L_0x62c377604890, v0x62c3775bcd40_0;
S_0x62c3775bc130 .scope module, "sync_r2w_inst" "sync_r2w" 6 45, 9 3 0, S_0x62c3775b95d0;
 .timescale -9 -12;
    .port_info 0 /INPUT 1 "wclk";
    .port_info 1 /INPUT 1 "wrst_n";
    .port_info 2 /INPUT 6 "rptr";
    .port_info 3 /OUTPUT 6 "wq2_rptr";
P_0x62c3775bc2c0 .param/l "N" 0 9 4, +C4<000000000000000000000000000000110>;
v0x62c3775bc3e0_0 .net "rptr", 5 0, v0x62c3775bbd90_0;  alias, 1 drivers
v0x62c3775bc4f0_0 .net "wclk", 0 0, L_0x62c377602ee0;  alias, 1 drivers
v0x62c3775bc5c0_0 .var "wq1_rptr", 5 0;
v0x62c3775bc690_0 .var "wq2_rptr", 5 0;
v0x62c3775bc750_0 .net "wrst_n", 0 0, L_0x62c377602fe0;  alias, 1 drivers
E_0x62c377507190/0 .event negedge, v0x62c3775bc750_0;
E_0x62c377507190/1 .event posedge, v0x62c3775ba5b0_0;
E_0x62c377507190 .event/or E_0x62c377507190/0, E_0x62c377507190/1;
S_0x62c3775bc8e0 .scope module, "sync_w2r_inst" "sync_w2r" 6 56, 10 3 0, S_0x62c3775b95d0;
 .timescale -9 -12;
    .port_info 0 /INPUT 1 "rclk";
    .port_info 1 /INPUT 1 "rrst_n";
    .port_info 2 /INPUT 6 "wptr";
    .port_info 3 /OUTPUT 6 "rq2_wptr";
P_0x62c3775bcac0 .param/l "N" 0 10 4, +C4<000000000000000000000000000000110>;
v0x62c3775bcb90_0 .net "rclk", 0 0, L_0x62c377603170;  alias, 1 drivers
v0x62c3775bcc80_0 .var "rq1_wptr", 5 0;
v0x62c3775bcd40_0 .var "rq2_wptr", 5 0;
v0x62c3775bce40_0 .net "rrst_n", 0 0, L_0x62c377603270;  alias, 1 drivers
v0x62c3775bcf10_0 .net "wptr", 5 0, v0x62c3775be6f0_0;  alias, 1 drivers
S_0x62c3775bd080 .scope module, "wptr_full_inst" "wptr_full" 6 67, 11 3 0, S_0x62c3775b95d0;
 .timescale -9 -12;
    .port_info 0 /INPUT 1 "wclk";
    .port_info 1 /INPUT 1 "wrst_n";
    .port_info 2 /INPUT 1 "winc";
    .port_info 3 /INPUT 6 "wq2_rptr";
    .port_info 4 /OUTPUT 1 "wfull";
    .port_info 5 /OUTPUT 5 "waddr";
    .port_info 6 /OUTPUT 6 "wptr";
P_0x62c3775bd2b0 .param/l "ADDRSIZE" 0 11 4, +C4<00000000000000000000000000000101>;
L_0x62c377603820 .functor NOT 6, L_0x62c377603780, C4<000000>, C4<000000>, C4<000000>;
L_0x62c377603890 .functor AND 6, L_0x62c3776036e0, L_0x62c377603820, C4<111111>, C4<111111>;
L_0x62c3776039f0 .functor XOR 6, L_0x62c377603bf0, L_0x62c377603950, C4<000000>, C4<000000>;
L_0x62c377603e60 .functor NOT 2, L_0x62c377603dc0, C4<00>, C4<00>, C4<00>;
v0x62c3775bd440_0 .net *"_ivl_10", 5 0, L_0x62c377603820;  1 drivers
v0x62c3775bd540_0 .net *"_ivl_12", 5 0, L_0x62c377603890;  1 drivers
v0x62c3775bd620_0 .net *"_ivl_16", 5 0, L_0x62c377603bf0;  1 drivers
v0x62c3775bd6e0_0 .net *"_ivl_18", 4 0, L_0x62c377603b00;  1 drivers
v0x62c3775bd7c0_0 .net *"_ivl_2", 5 0, L_0x62c3776036e0;  1 drivers
L_0x7f0b02053330 .functor BUFT 1, C4<0>, C4<0>, C4<0>, C4<0>;
v0x62c3775bd8f0_0 .net *"_ivl_20", 0 0, L_0x7f0b02053330;  1 drivers
v0x62c3775bd9d0_0 .net *"_ivl_25", 1 0, L_0x62c377603dc0;  1 drivers
v0x62c3775bdab0_0 .net *"_ivl_26", 1 0, L_0x62c377603e60;  1 drivers
v0x62c3775bdb90_0 .net *"_ivl_29", 3 0, L_0x62c377603f20;  1 drivers
v0x62c3775bdc70_0 .net *"_ivl_30", 5 0, L_0x62c3776040a0;  1 drivers
L_0x7f0b020532a0 .functor BUFT 1, C4<00000>, C4<0>, C4<0>, C4<0>;
v0x62c3775bdd50_0 .net *"_ivl_5", 4 0, L_0x7f0b020532a0;  1 drivers
v0x62c3775bde30_0 .net *"_ivl_6", 5 0, L_0x62c377603780;  1 drivers
L_0x7f0b020532e8 .functor BUFT 1, C4<00000>, C4<0>, C4<0>, C4<0>;
v0x62c3775bdf10_0 .net *"_ivl_9", 4 0, L_0x7f0b020532e8;  1 drivers
v0x62c3775bdff0_0 .net "waddr", 4 0, L_0x62c377603640;  alias, 1 drivers
v0x62c3775be0b0_0 .var "wbin", 5 0;
v0x62c3775be170_0 .net "wbinnext", 5 0, L_0x62c377603950;  1 drivers
v0x62c3775be250_0 .net "wclk", 0 0, L_0x62c377602ee0;  alias, 1 drivers
v0x62c3775be400_0 .var "wfull", 0 0;
v0x62c3775be4a0_0 .net "wfull_val", 0 0, L_0x62c377604190;  1 drivers
v0x62c3775be540_0 .net "wgraynext", 5 0, L_0x62c3776039f0;  1 drivers
v0x62c3775be620_0 .net "winc", 0 0, v0x62c3775f0260_0;  alias, 1 drivers
v0x62c3775be6f0_0 .var "wptr", 5 0;
v0x62c3775be7c0_0 .net "wq2_rptr", 5 0, v0x62c3775bc690_0;  alias, 1 drivers
v0x62c3775be890_0 .net "wrst_n", 0 0, L_0x62c377602fe0;  alias, 1 drivers
L_0x62c377603640 .part v0x62c3775be0b0_0, 0, 5;
L_0x62c3776036e0 .concat [ 1 5 0 0], v0x62c3775f0260_0, L_0x7f0b020532a0;
L_0x62c377603780 .concat [ 1 5 0 0], v0x62c3775be400_0, L_0x7f0b020532e8;
L_0x62c377603950 .arith/sum 6, v0x62c3775be0b0_0, L_0x62c377603890;
L_0x62c377603b00 .part L_0x62c377603950, 1, 5;
L_0x62c377603bf0 .concat [ 5 1 0 0], L_0x62c377603b00, L_0x7f0b02053330;
L_0x62c377603dc0 .part v0x62c3775bc690_0, 4, 2;
L_0x62c377603f20 .part v0x62c3775bc690_0, 0, 4;
L_0x62c3776040a0 .concat [ 4 2 0 0], L_0x62c377603f20, L_0x62c377603e60;
L_0x62c377604190 .cmp/eq 6, L_0x62c3776039f0, L_0x62c3776040a0;
S_0x62c3775bfd70 .scope generate, "GEN_OUT[2]" "GEN_OUT[2]" 4 111, 4 111 0, S_0x62c3775558e0;
 .timescale -9 -12;
P_0x62c3775bff00 .param/l "out_idx" 0 4 111, +C4<010>;
L_0x62c377604d50 .functor BUFZ 1, v0x62c3775fd8a0_0, C4<0>, C4<0>, C4<0>;
L_0x62c377604dc0 .functor BUFZ 1, v0x62c3775ffe20_0, C4<0>, C4<0>, C4<0>;
L_0x62c377604ec0 .functor BUFZ 1, v0x62c3775fdbe0_0, C4<0>, C4<0>, C4<0>;
L_0x62c377604fc0 .functor BUFZ 1, v0x62c377600230_0, C4<0>, C4<0>, C4<0>;
v0x62c3775c6410_0 .net "fifo_rclk", 0 0, L_0x62c377604ec0;  1 drivers
v0x62c3775c64d0_0 .net "fifo_rrst", 0 0, L_0x62c377604fc0;  1 drivers
v0x62c3775c6590_0 .net "fifo_wclk", 0 0, L_0x62c377604d50;  1 drivers
v0x62c3775c66c0_0 .net "fifo_wrst", 0 0, L_0x62c377604dc0;  1 drivers
S_0x62c3775bffa0 .scope module, "FIFO_CROSSPOINT" "top_fifo" 4 124, 6 3 0, S_0x62c3775bfd70;
 .timescale -9 -12;
    .port_info 0 /INPUT 1 "wclk";
    .port_info 1 /INPUT 1 "wrst_n";
    .port_info 2 /INPUT 1 "winc";
    .port_info 3 /INPUT 64 "wdata";
    .port_info 4 /OUTPUT 1 "wfull";
    .port_info 5 /INPUT 1 "rclk";
    .port_info 6 /INPUT 1 "rrst_n";
    .port_info 7 /INPUT 1 "rinc";
    .port_info 8 /OUTPUT 64 "rdata";
    .port_info 9 /OUTPUT 1 "rempty";
P_0x62c3775c0180 .param/l "ASIZE" 0 6 5, +C4<00000000000000000000000000000101>;
P_0x62c3775c01c0 .param/l "DSIZE" 0 6 4, +C4<00000000000000000000000001000000>;
v0x62c3775c5430_0 .net "raddr", 4 0, L_0x62c377606050;  1 drivers
v0x62c3775c5560_0 .net "rclk", 0 0, L_0x62c377604ec0;  alias, 1 drivers
v0x62c3775c5670_0 .net "rdata", 63 0, L_0x62c377605200;  alias, 1 drivers
v0x62c3775c5710_0 .net "rempty", 0 0, v0x62c3775c2320_0;  alias, 1 drivers
v0x62c3775c57e0_0 .net "rinc", 0 0, v0x62c3775f92f0_0;  alias, 1 drivers
v0x62c3775c58d0_0 .net "rptr", 5 0, v0x62c3775c2750_0;  1 drivers
v0x62c3775c59c0_0 .net "rq2_wptr", 5 0, v0x62c3775c3730_0;  1 drivers
v0x62c3775c5ab0_0 .net "rrst_n", 0 0, L_0x62c377604fc0;  alias, 1 drivers
v0x62c3775c5ba0_0 .net "waddr", 4 0, L_0x62c377605300;  1 drivers
v0x62c3775c5c40_0 .net "wclk", 0 0, L_0x62c377604d50;  alias, 1 drivers
v0x62c3775c5ce0_0 .net "wdata", 63 0, L_0x62c377612260;  alias, 1 drivers
v0x62c3775c5d80_0 .net "wfull", 0 0, v0x62c3775c4df0_0;  alias, 1 drivers
v0x62c3775c5e70_0 .net "winc", 0 0, v0x62c3775f0300_0;  alias, 1 drivers
v0x62c3775c5f60_0 .net "wptr", 5 0, v0x62c3775c50e0_0;  1 drivers
v0x62c3775c6070_0 .net "wq2_rptr", 5 0, v0x62c3775c3080_0;  1 drivers
v0x62c3775c6180_0 .net "wrst_n", 0 0, L_0x62c377604dc0;  alias, 1 drivers
S_0x62c3775c0440 .scope module, "fifomem_inst" "fifo" 6 31, 7 3 0, S_0x62c3775bffa0;
 .timescale -9 -12;
    .port_info 0 /INPUT 1 "wclk";
    .port_info 1 /INPUT 1 "wclken";
    .port_info 2 /INPUT 1 "wfull";
    .port_info 3 /INPUT 5 "waddr";
    .port_info 4 /INPUT 5 "raddr";
    .port_info 5 /INPUT 64 "wdata";
    .port_info 6 /OUTPUT 64 "rdata";
P_0x62c3775c0640 .param/l "ADDRSIZE" 0 7 5, +C4<00000000000000000000000000000101>;
P_0x62c3775c0680 .param/l "DATASIZE" 0 7 4, +C4<00000000000000000000000001000000>;
P_0x62c3775c06c0 .param/l "DEPTH" 1 7 17, +C4<0000000000000000000000000000000100000>;
L_0x62c377605200 .functor BUFZ 64, L_0x62c3776050c0, C4<0000000000000000000000000000000000000000000000000000000000000000>, C4<0000000000000000000000000000000000000000000000000000000000000000>, C4<0000000000000000000000000000000000000000000000000000000000000000>;
v0x62c3775c0800_0 .net *"_ivl_0", 63 0, L_0x62c3776050c0;  1 drivers
v0x62c3775c0a30_0 .net *"_ivl_2", 6 0, L_0x62c377605160;  1 drivers
L_0x7f0b02053450 .functor BUFT 1, C4<00>, C4<0>, C4<0>, C4<0>;
v0x62c3775c0b10_0 .net *"_ivl_5", 1 0, L_0x7f0b02053450;  1 drivers
v0x62c3775c0bd0 .array "mem", 31 0, 63 0;
v0x62c3775c0c90_0 .net "raddr", 4 0, L_0x62c377606050;  alias, 1 drivers
v0x62c3775c0dc0_0 .net "rdata", 63 0, L_0x62c377605200;  alias, 1 drivers
v0x62c3775c0ea0_0 .net "waddr", 4 0, L_0x62c377605300;  alias, 1 drivers
v0x62c3775c0f80_0 .net "wclk", 0 0, L_0x62c377604d50;  alias, 1 drivers
v0x62c3775c1040_0 .net "wclken", 0 0, v0x62c3775f0300_0;  alias, 1 drivers
v0x62c3775c1100_0 .net "wdata", 63 0, L_0x62c377612260;  alias, 1 drivers
v0x62c3775c1250_0 .net "wfull", 0 0, v0x62c3775c4df0_0;  alias, 1 drivers
E_0x62c3775c0950 .event posedge, v0x62c3775c0f80_0;
L_0x62c3776050c0 .array/port v0x62c3775c0bd0, L_0x62c377605160;
L_0x62c377605160 .concat [ 5 2 0 0], L_0x62c377606050, L_0x7f0b02053450;
S_0x62c3775c1430 .scope module, "rptr_empty_inst" "rptr_empty" 6 81, 8 3 0, S_0x62c3775bffa0;
 .timescale -9 -12;
    .port_info 0 /INPUT 1 "rclk";
    .port_info 1 /INPUT 1 "rrst_n";
    .port_info 2 /INPUT 1 "rinc";
    .port_info 3 /INPUT 6 "rq2_wptr";
    .port_info 4 /OUTPUT 1 "rempty";
    .port_info 5 /OUTPUT 5 "raddr";
    .port_info 6 /OUTPUT 6 "rptr";
P_0x62c3775c0d30 .param/l "ADDRSIZE" 0 8 4, +C4<00000000000000000000000000000101>;
L_0x62c3776063e0 .functor NOT 6, L_0x62c3776062b0, C4<000000>, C4<000000>, C4<000000>;
L_0x62c377606450 .functor AND 6, L_0x62c377606180, L_0x62c3776063e0, C4<111111>, C4<111111>;
L_0x62c3776065b0 .functor XOR 6, L_0x62c3776067b0, L_0x62c377606510, C4<000000>, C4<000000>;
v0x62c3775c17d0_0 .net *"_ivl_10", 5 0, L_0x62c3776063e0;  1 drivers
v0x62c3775c18d0_0 .net *"_ivl_12", 5 0, L_0x62c377606450;  1 drivers
v0x62c3775c19b0_0 .net *"_ivl_16", 5 0, L_0x62c3776067b0;  1 drivers
v0x62c3775c1a70_0 .net *"_ivl_18", 4 0, L_0x62c3776066c0;  1 drivers
v0x62c3775c1b50_0 .net *"_ivl_2", 5 0, L_0x62c377606180;  1 drivers
L_0x7f0b02053600 .functor BUFT 1, C4<0>, C4<0>, C4<0>, C4<0>;
v0x62c3775c1c80_0 .net *"_ivl_20", 0 0, L_0x7f0b02053600;  1 drivers
L_0x7f0b02053570 .functor BUFT 1, C4<00000>, C4<0>, C4<0>, C4<0>;
v0x62c3775c1d60_0 .net *"_ivl_5", 4 0, L_0x7f0b02053570;  1 drivers
v0x62c3775c1e40_0 .net *"_ivl_6", 5 0, L_0x62c3776062b0;  1 drivers
L_0x7f0b020535b8 .functor BUFT 1, C4<00000>, C4<0>, C4<0>, C4<0>;
v0x62c3775c1f20_0 .net *"_ivl_9", 4 0, L_0x7f0b020535b8;  1 drivers
v0x62c3775c2000_0 .net "raddr", 4 0, L_0x62c377606050;  alias, 1 drivers
v0x62c3775c20c0_0 .var "rbin", 5 0;
v0x62c3775c2180_0 .net "rbinnext", 5 0, L_0x62c377606510;  1 drivers
v0x62c3775c2260_0 .net "rclk", 0 0, L_0x62c377604ec0;  alias, 1 drivers
v0x62c3775c2320_0 .var "rempty", 0 0;
v0x62c3775c23e0_0 .net "rempty_val", 0 0, L_0x62c377606980;  1 drivers
v0x62c3775c24a0_0 .net "rgraynext", 5 0, L_0x62c3776065b0;  1 drivers
v0x62c3775c2580_0 .net "rinc", 0 0, v0x62c3775f92f0_0;  alias, 1 drivers
v0x62c3775c2750_0 .var "rptr", 5 0;
v0x62c3775c2830_0 .net "rq2_wptr", 5 0, v0x62c3775c3730_0;  alias, 1 drivers
v0x62c3775c2910_0 .net "rrst_n", 0 0, L_0x62c377604fc0;  alias, 1 drivers
E_0x62c3775c1770/0 .event negedge, v0x62c3775c2910_0;
E_0x62c3775c1770/1 .event posedge, v0x62c3775c2260_0;
E_0x62c3775c1770 .event/or E_0x62c3775c1770/0, E_0x62c3775c1770/1;
L_0x62c377606050 .part v0x62c3775c20c0_0, 0, 5;
L_0x62c377606180 .concat [ 1 5 0 0], v0x62c3775f92f0_0, L_0x7f0b02053570;
L_0x62c3776062b0 .concat [ 1 5 0 0], v0x62c3775c2320_0, L_0x7f0b020535b8;
L_0x62c377606510 .arith/sum 6, v0x62c3775c20c0_0, L_0x62c377606450;
L_0x62c3776066c0 .part L_0x62c377606510, 1, 5;
L_0x62c3776067b0 .concat [ 5 1 0 0], L_0x62c3776066c0, L_0x7f0b02053600;
L_0x62c377606980 .cmp/eq 6, L_0x62c3776065b0, v0x62c3775c3730_0;
S_0x62c3775c2af0 .scope module, "sync_r2w_inst" "sync_r2w" 6 45, 9 3 0, S_0x62c3775bffa0;
 .timescale -9 -12;
    .port_info 0 /INPUT 1 "wclk";
    .port_info 1 /INPUT 1 "wrst_n";
    .port_info 2 /INPUT 6 "rptr";
    .port_info 3 /OUTPUT 6 "wq2_rptr";
P_0x62c3775c2cb0 .param/l "N" 0 9 4, +C4<000000000000000000000000000000110>;
v0x62c3775c2dd0_0 .net "rptr", 5 0, v0x62c3775c2750_0;  alias, 1 drivers
v0x62c3775c2ee0_0 .net "wclk", 0 0, L_0x62c377604d50;  alias, 1 drivers
v0x62c3775c2fb0_0 .var "wq1_rptr", 5 0;
v0x62c3775c3080_0 .var "wq2_rptr", 5 0;
v0x62c3775c3140_0 .net "wrst_n", 0 0, L_0x62c377604dc0;  alias, 1 drivers
E_0x62c3775bd350/0 .event negedge, v0x62c3775c3140_0;
E_0x62c3775bd350/1 .event posedge, v0x62c3775c0f80_0;
E_0x62c3775bd350 .event/or E_0x62c3775bd350/0, E_0x62c3775bd350/1;
S_0x62c3775c32d0 .scope module, "sync_w2r_inst" "sync_w2r" 6 56, 10 3 0, S_0x62c3775bffa0;
 .timescale -9 -12;
    .port_info 0 /INPUT 1 "rclk";
    .port_info 1 /INPUT 1 "rrst_n";
    .port_info 2 /INPUT 6 "wptr";
    .port_info 3 /OUTPUT 6 "rq2_wptr";
P_0x62c3775c34b0 .param/l "N" 0 10 4, +C4<000000000000000000000000000000110>;
v0x62c3775c3580_0 .net "rclk", 0 0, L_0x62c377604ec0;  alias, 1 drivers
v0x62c3775c3670_0 .var "rq1_wptr", 5 0;
v0x62c3775c3730_0 .var "rq2_wptr", 5 0;
v0x62c3775c3830_0 .net "rrst_n", 0 0, L_0x62c377604fc0;  alias, 1 drivers
v0x62c3775c3900_0 .net "wptr", 5 0, v0x62c3775c50e0_0;  alias, 1 drivers
S_0x62c3775c3a70 .scope module, "wptr_full_inst" "wptr_full" 6 67, 11 3 0, S_0x62c3775bffa0;
 .timescale -9 -12;
    .port_info 0 /INPUT 1 "wclk";
    .port_info 1 /INPUT 1 "wrst_n";
    .port_info 2 /INPUT 1 "winc";
    .port_info 3 /INPUT 6 "wq2_rptr";
    .port_info 4 /OUTPUT 1 "wfull";
    .port_info 5 /OUTPUT 5 "waddr";
    .port_info 6 /OUTPUT 6 "wptr";
P_0x62c3775c3ca0 .param/l "ADDRSIZE" 0 11 4, +C4<00000000000000000000000000000101>;
L_0x62c377605530 .functor NOT 6, L_0x62c377605440, C4<000000>, C4<000000>, C4<000000>;
L_0x62c3776055f0 .functor AND 6, L_0x62c3776053a0, L_0x62c377605530, C4<111111>, C4<111111>;
L_0x62c3776057a0 .functor XOR 6, L_0x62c3776059a0, L_0x62c377605700, C4<000000>, C4<000000>;
L_0x62c377605c10 .functor NOT 2, L_0x62c377605b70, C4<00>, C4<00>, C4<00>;
v0x62c3775c3e30_0 .net *"_ivl_10", 5 0, L_0x62c377605530;  1 drivers
v0x62c3775c3f30_0 .net *"_ivl_12", 5 0, L_0x62c3776055f0;  1 drivers
v0x62c3775c4010_0 .net *"_ivl_16", 5 0, L_0x62c3776059a0;  1 drivers
v0x62c3775c40d0_0 .net *"_ivl_18", 4 0, L_0x62c3776058b0;  1 drivers
v0x62c3775c41b0_0 .net *"_ivl_2", 5 0, L_0x62c3776053a0;  1 drivers
L_0x7f0b02053528 .functor BUFT 1, C4<0>, C4<0>, C4<0>, C4<0>;
v0x62c3775c42e0_0 .net *"_ivl_20", 0 0, L_0x7f0b02053528;  1 drivers
v0x62c3775c43c0_0 .net *"_ivl_25", 1 0, L_0x62c377605b70;  1 drivers
v0x62c3775c44a0_0 .net *"_ivl_26", 1 0, L_0x62c377605c10;  1 drivers
v0x62c3775c4580_0 .net *"_ivl_29", 3 0, L_0x62c377605cd0;  1 drivers
v0x62c3775c4660_0 .net *"_ivl_30", 5 0, L_0x62c377605dc0;  1 drivers
L_0x7f0b02053498 .functor BUFT 1, C4<00000>, C4<0>, C4<0>, C4<0>;
v0x62c3775c4740_0 .net *"_ivl_5", 4 0, L_0x7f0b02053498;  1 drivers
v0x62c3775c4820_0 .net *"_ivl_6", 5 0, L_0x62c377605440;  1 drivers
L_0x7f0b020534e0 .functor BUFT 1, C4<00000>, C4<0>, C4<0>, C4<0>;
v0x62c3775c4900_0 .net *"_ivl_9", 4 0, L_0x7f0b020534e0;  1 drivers
v0x62c3775c49e0_0 .net "waddr", 4 0, L_0x62c377605300;  alias, 1 drivers
v0x62c3775c4aa0_0 .var "wbin", 5 0;
v0x62c3775c4b60_0 .net "wbinnext", 5 0, L_0x62c377605700;  1 drivers
v0x62c3775c4c40_0 .net "wclk", 0 0, L_0x62c377604d50;  alias, 1 drivers
v0x62c3775c4df0_0 .var "wfull", 0 0;
v0x62c3775c4e90_0 .net "wfull_val", 0 0, L_0x62c377605eb0;  1 drivers
v0x62c3775c4f30_0 .net "wgraynext", 5 0, L_0x62c3776057a0;  1 drivers
v0x62c3775c5010_0 .net "winc", 0 0, v0x62c3775f0300_0;  alias, 1 drivers
v0x62c3775c50e0_0 .var "wptr", 5 0;
v0x62c3775c51b0_0 .net "wq2_rptr", 5 0, v0x62c3775c3080_0;  alias, 1 drivers
v0x62c3775c5280_0 .net "wrst_n", 0 0, L_0x62c377604dc0;  alias, 1 drivers
L_0x62c377605300 .part v0x62c3775c4aa0_0, 0, 5;
L_0x62c3776053a0 .concat [ 1 5 0 0], v0x62c3775f0300_0, L_0x7f0b02053498;
L_0x62c377605440 .concat [ 1 5 0 0], v0x62c3775c4df0_0, L_0x7f0b020534e0;
L_0x62c377605700 .arith/sum 6, v0x62c3775c4aa0_0, L_0x62c3776055f0;
L_0x62c3776058b0 .part L_0x62c377605700, 1, 5;
L_0x62c3776059a0 .concat [ 5 1 0 0], L_0x62c3776058b0, L_0x7f0b02053528;
L_0x62c377605b70 .part v0x62c3775c3080_0, 4, 2;
L_0x62c377605cd0 .part v0x62c3775c3080_0, 0, 4;
L_0x62c377605dc0 .concat [ 4 2 0 0], L_0x62c377605cd0, L_0x62c377605c10;
L_0x62c377605eb0 .cmp/eq 6, L_0x62c3776057a0, L_0x62c377605dc0;
S_0x62c3775c6760 .scope generate, "GEN_IN[1]" "GEN_IN[1]" 4 110, 4 110 0, S_0x62c377551b60;
 .timescale -9 -12;
P_0x62c3775c6940 .param/l "in_idx" 0 4 110, +C4<01>;
S_0x62c3775c6a00 .scope generate, "GEN_OUT[0]" "GEN_OUT[0]" 4 111, 4 111 0, S_0x62c3775c6760;
 .timescale -9 -12;
P_0x62c3775c6c00 .param/l "out_idx" 0 4 111, +C4<00>;
L_0x62c377606a70 .functor BUFZ 1, v0x62c3775fd960_0, C4<0>, C4<0>, C4<0>;
L_0x62c377606ae0 .functor BUFZ 1, v0x62c3775fff10_0, C4<0>, C4<0>, C4<0>;
L_0x62c377606be0 .functor BUFZ 1, v0x62c3775fdaa0_0, C4<0>, C4<0>, C4<0>;
L_0x62c377606ce0 .functor BUFZ 1, v0x62c3776000a0_0, C4<0>, C4<0>, C4<0>;
v0x62c3775cd120_0 .net "fifo_rclk", 0 0, L_0x62c377606be0;  1 drivers
v0x62c3775cd1e0_0 .net "fifo_rrst", 0 0, L_0x62c377606ce0;  1 drivers
v0x62c3775cd2a0_0 .net "fifo_wclk", 0 0, L_0x62c377606a70;  1 drivers
v0x62c3775cd3d0_0 .net "fifo_wrst", 0 0, L_0x62c377606ae0;  1 drivers
S_0x62c3775c6ce0 .scope module, "FIFO_CROSSPOINT" "top_fifo" 4 124, 6 3 0, S_0x62c3775c6a00;
 .timescale -9 -12;
    .port_info 0 /INPUT 1 "wclk";
    .port_info 1 /INPUT 1 "wrst_n";
    .port_info 2 /INPUT 1 "winc";
    .port_info 3 /INPUT 64 "wdata";
    .port_info 4 /OUTPUT 1 "wfull";
    .port_info 5 /INPUT 1 "rclk";
    .port_info 6 /INPUT 1 "rrst_n";
    .port_info 7 /INPUT 1 "rinc";
    .port_info 8 /OUTPUT 64 "rdata";
    .port_info 9 /OUTPUT 1 "rempty";
P_0x62c3775c6ec0 .param/l "ASIZE" 0 6 5, +C4<00000000000000000000000000000101>;
P_0x62c3775c6f00 .param/l "DSIZE" 0 6 4, +C4<00000000000000000000000001000000>;
v0x62c3775cc160_0 .net "raddr", 4 0, L_0x62c377607e00;  1 drivers
v0x62c3775cc290_0 .net "rclk", 0 0, L_0x62c377606be0;  alias, 1 drivers
v0x62c3775cc3a0_0 .net "rdata", 63 0, L_0x62c377606f20;  alias, 1 drivers
v0x62c3775cc440_0 .net "rempty", 0 0, v0x62c3775c9040_0;  alias, 1 drivers
v0x62c3775cc510_0 .net "rinc", 0 0, v0x62c3775f50a0_0;  alias, 1 drivers
v0x62c3775cc600_0 .net "rptr", 5 0, v0x62c3775c9470_0;  1 drivers
v0x62c3775cc6f0_0 .net "rq2_wptr", 5 0, v0x62c3775ca460_0;  1 drivers
v0x62c3775cc7e0_0 .net "rrst_n", 0 0, L_0x62c377606ce0;  alias, 1 drivers
v0x62c3775cc8d0_0 .net "waddr", 4 0, L_0x62c377607020;  1 drivers
v0x62c3775cc970_0 .net "wclk", 0 0, L_0x62c377606a70;  alias, 1 drivers
v0x62c3775cca10_0 .net "wdata", 63 0, L_0x62c377612ca0;  alias, 1 drivers
v0x62c3775ccab0_0 .net "wfull", 0 0, v0x62c3775cbb20_0;  alias, 1 drivers
v0x62c3775ccba0_0 .net "winc", 0 0, v0x62c3775f1a30_0;  alias, 1 drivers
v0x62c3775ccc90_0 .net "wptr", 5 0, v0x62c3775cbe10_0;  1 drivers
v0x62c3775ccd80_0 .net "wq2_rptr", 5 0, v0x62c3775c9d40_0;  1 drivers
v0x62c3775cce90_0 .net "wrst_n", 0 0, L_0x62c377606ae0;  alias, 1 drivers
S_0x62c3775c7180 .scope module, "fifomem_inst" "fifo" 6 31, 7 3 0, S_0x62c3775c6ce0;
 .timescale -9 -12;
    .port_info 0 /INPUT 1 "wclk";
    .port_info 1 /INPUT 1 "wclken";
    .port_info 2 /INPUT 1 "wfull";
    .port_info 3 /INPUT 5 "waddr";
    .port_info 4 /INPUT 5 "raddr";
    .port_info 5 /INPUT 64 "wdata";
    .port_info 6 /OUTPUT 64 "rdata";
P_0x62c3775c7380 .param/l "ADDRSIZE" 0 7 5, +C4<00000000000000000000000000000101>;
P_0x62c3775c73c0 .param/l "DATASIZE" 0 7 4, +C4<00000000000000000000000001000000>;
P_0x62c3775c7400 .param/l "DEPTH" 1 7 17, +C4<0000000000000000000000000000000100000>;
L_0x62c377606f20 .functor BUFZ 64, L_0x62c377606de0, C4<0000000000000000000000000000000000000000000000000000000000000000>, C4<0000000000000000000000000000000000000000000000000000000000000000>, C4<0000000000000000000000000000000000000000000000000000000000000000>;
v0x62c3775c7540_0 .net *"_ivl_0", 63 0, L_0x62c377606de0;  1 drivers
v0x62c3775c7770_0 .net *"_ivl_2", 6 0, L_0x62c377606e80;  1 drivers
L_0x7f0b02053648 .functor BUFT 1, C4<00>, C4<0>, C4<0>, C4<0>;
v0x62c3775c7850_0 .net *"_ivl_5", 1 0, L_0x7f0b02053648;  1 drivers
v0x62c3775c7910 .array "mem", 31 0, 63 0;
v0x62c3775c79d0_0 .net "raddr", 4 0, L_0x62c377607e00;  alias, 1 drivers
v0x62c3775c7b00_0 .net "rdata", 63 0, L_0x62c377606f20;  alias, 1 drivers
v0x62c3775c7be0_0 .net "waddr", 4 0, L_0x62c377607020;  alias, 1 drivers
v0x62c3775c7cc0_0 .net "wclk", 0 0, L_0x62c377606a70;  alias, 1 drivers
v0x62c3775c7d80_0 .net "wclken", 0 0, v0x62c3775f1a30_0;  alias, 1 drivers
v0x62c3775c7e40_0 .net "wdata", 63 0, L_0x62c377612ca0;  alias, 1 drivers
v0x62c3775c7f20_0 .net "wfull", 0 0, v0x62c3775cbb20_0;  alias, 1 drivers
E_0x62c3775c7690 .event posedge, v0x62c3775c7cc0_0;
L_0x62c377606de0 .array/port v0x62c3775c7910, L_0x62c377606e80;
L_0x62c377606e80 .concat [ 5 2 0 0], L_0x62c377607e00, L_0x7f0b02053648;
S_0x62c3775c8100 .scope module, "rptr_empty_inst" "rptr_empty" 6 81, 8 3 0, S_0x62c3775c6ce0;
 .timescale -9 -12;
    .port_info 0 /INPUT 1 "rclk";
    .port_info 1 /INPUT 1 "rrst_n";
    .port_info 2 /INPUT 1 "rinc";
    .port_info 3 /INPUT 6 "rq2_wptr";
    .port_info 4 /OUTPUT 1 "rempty";
    .port_info 5 /OUTPUT 5 "raddr";
    .port_info 6 /OUTPUT 6 "rptr";
P_0x62c3775c82b0 .param/l "ADDRSIZE" 0 8 4, +C4<00000000000000000000000000000101>;
L_0x62c377608190 .functor NOT 6, L_0x62c377608060, C4<000000>, C4<000000>, C4<000000>;
L_0x62c377608200 .functor AND 6, L_0x62c377607f30, L_0x62c377608190, C4<111111>, C4<111111>;
L_0x62c377608360 .functor XOR 6, L_0x62c377608560, L_0x62c3776082c0, C4<000000>, C4<000000>;
v0x62c3775c84f0_0 .net *"_ivl_10", 5 0, L_0x62c377608190;  1 drivers
v0x62c3775c85f0_0 .net *"_ivl_12", 5 0, L_0x62c377608200;  1 drivers
v0x62c3775c86d0_0 .net *"_ivl_16", 5 0, L_0x62c377608560;  1 drivers
v0x62c3775c8790_0 .net *"_ivl_18", 4 0, L_0x62c377608470;  1 drivers
v0x62c3775c8870_0 .net *"_ivl_2", 5 0, L_0x62c377607f30;  1 drivers
L_0x7f0b020537f8 .functor BUFT 1, C4<0>, C4<0>, C4<0>, C4<0>;
v0x62c3775c89a0_0 .net *"_ivl_20", 0 0, L_0x7f0b020537f8;  1 drivers
L_0x7f0b02053768 .functor BUFT 1, C4<00000>, C4<0>, C4<0>, C4<0>;
v0x62c3775c8a80_0 .net *"_ivl_5", 4 0, L_0x7f0b02053768;  1 drivers
v0x62c3775c8b60_0 .net *"_ivl_6", 5 0, L_0x62c377608060;  1 drivers
L_0x7f0b020537b0 .functor BUFT 1, C4<00000>, C4<0>, C4<0>, C4<0>;
v0x62c3775c8c40_0 .net *"_ivl_9", 4 0, L_0x7f0b020537b0;  1 drivers
v0x62c3775c8d20_0 .net "raddr", 4 0, L_0x62c377607e00;  alias, 1 drivers
v0x62c3775c8de0_0 .var "rbin", 5 0;
v0x62c3775c8ea0_0 .net "rbinnext", 5 0, L_0x62c3776082c0;  1 drivers
v0x62c3775c8f80_0 .net "rclk", 0 0, L_0x62c377606be0;  alias, 1 drivers
v0x62c3775c9040_0 .var "rempty", 0 0;
v0x62c3775c9100_0 .net "rempty_val", 0 0, L_0x62c377608730;  1 drivers
v0x62c3775c91c0_0 .net "rgraynext", 5 0, L_0x62c377608360;  1 drivers
v0x62c3775c92a0_0 .net "rinc", 0 0, v0x62c3775f50a0_0;  alias, 1 drivers
v0x62c3775c9470_0 .var "rptr", 5 0;
v0x62c3775c9550_0 .net "rq2_wptr", 5 0, v0x62c3775ca460_0;  alias, 1 drivers
v0x62c3775c9630_0 .net "rrst_n", 0 0, L_0x62c377606ce0;  alias, 1 drivers
E_0x62c3775c8490/0 .event negedge, v0x62c3775c9630_0;
E_0x62c3775c8490/1 .event posedge, v0x62c3775c8f80_0;
E_0x62c3775c8490 .event/or E_0x62c3775c8490/0, E_0x62c3775c8490/1;
L_0x62c377607e00 .part v0x62c3775c8de0_0, 0, 5;
L_0x62c377607f30 .concat [ 1 5 0 0], v0x62c3775f50a0_0, L_0x7f0b02053768;
L_0x62c377608060 .concat [ 1 5 0 0], v0x62c3775c9040_0, L_0x7f0b020537b0;
L_0x62c3776082c0 .arith/sum 6, v0x62c3775c8de0_0, L_0x62c377608200;
L_0x62c377608470 .part L_0x62c3776082c0, 1, 5;
L_0x62c377608560 .concat [ 5 1 0 0], L_0x62c377608470, L_0x7f0b020537f8;
L_0x62c377608730 .cmp/eq 6, L_0x62c377608360, v0x62c3775ca460_0;
S_0x62c3775c9810 .scope module, "sync_r2w_inst" "sync_r2w" 6 45, 9 3 0, S_0x62c3775c6ce0;
 .timescale -9 -12;
    .port_info 0 /INPUT 1 "wclk";
    .port_info 1 /INPUT 1 "wrst_n";
    .port_info 2 /INPUT 6 "rptr";
    .port_info 3 /OUTPUT 6 "wq2_rptr";
P_0x62c3775c99a0 .param/l "N" 0 9 4, +C4<000000000000000000000000000000110>;
v0x62c3775c9a90_0 .net "rptr", 5 0, v0x62c3775c9470_0;  alias, 1 drivers
v0x62c3775c9ba0_0 .net "wclk", 0 0, L_0x62c377606a70;  alias, 1 drivers
v0x62c3775c9c70_0 .var "wq1_rptr", 5 0;
v0x62c3775c9d40_0 .var "wq2_rptr", 5 0;
v0x62c3775c9e00_0 .net "wrst_n", 0 0, L_0x62c377606ae0;  alias, 1 drivers
E_0x62c3775c3d40/0 .event negedge, v0x62c3775c9e00_0;
E_0x62c3775c3d40/1 .event posedge, v0x62c3775c7cc0_0;
E_0x62c3775c3d40 .event/or E_0x62c3775c3d40/0, E_0x62c3775c3d40/1;
S_0x62c3775c9f90 .scope module, "sync_w2r_inst" "sync_w2r" 6 56, 10 3 0, S_0x62c3775c6ce0;
 .timescale -9 -12;
    .port_info 0 /INPUT 1 "rclk";
    .port_info 1 /INPUT 1 "rrst_n";
    .port_info 2 /INPUT 6 "wptr";
    .port_info 3 /OUTPUT 6 "rq2_wptr";
P_0x62c3775ca170 .param/l "N" 0 10 4, +C4<000000000000000000000000000000110>;
v0x62c3775ca2b0_0 .net "rclk", 0 0, L_0x62c377606be0;  alias, 1 drivers
v0x62c3775ca3a0_0 .var "rq1_wptr", 5 0;
v0x62c3775ca460_0 .var "rq2_wptr", 5 0;
v0x62c3775ca560_0 .net "rrst_n", 0 0, L_0x62c377606ce0;  alias, 1 drivers
v0x62c3775ca630_0 .net "wptr", 5 0, v0x62c3775cbe10_0;  alias, 1 drivers
S_0x62c3775ca7a0 .scope module, "wptr_full_inst" "wptr_full" 6 67, 11 3 0, S_0x62c3775c6ce0;
 .timescale -9 -12;
    .port_info 0 /INPUT 1 "wclk";
    .port_info 1 /INPUT 1 "wrst_n";
    .port_info 2 /INPUT 1 "winc";
    .port_info 3 /INPUT 6 "wq2_rptr";
    .port_info 4 /OUTPUT 1 "wfull";
    .port_info 5 /OUTPUT 5 "waddr";
    .port_info 6 /OUTPUT 6 "wptr";
P_0x62c3775ca9d0 .param/l "ADDRSIZE" 0 11 4, +C4<00000000000000000000000000000101>;
L_0x62c377607250 .functor NOT 6, L_0x62c377607160, C4<000000>, C4<000000>, C4<000000>;
L_0x62c377607310 .functor AND 6, L_0x62c3776070c0, L_0x62c377607250, C4<111111>, C4<111111>;
L_0x62c3776074c0 .functor XOR 6, L_0x62c3776076c0, L_0x62c377607420, C4<000000>, C4<000000>;
L_0x62c377607930 .functor NOT 2, L_0x62c377607890, C4<00>, C4<00>, C4<00>;
v0x62c3775cab60_0 .net *"_ivl_10", 5 0, L_0x62c377607250;  1 drivers
v0x62c3775cac60_0 .net *"_ivl_12", 5 0, L_0x62c377607310;  1 drivers
v0x62c3775cad40_0 .net *"_ivl_16", 5 0, L_0x62c3776076c0;  1 drivers
v0x62c3775cae00_0 .net *"_ivl_18", 4 0, L_0x62c3776075d0;  1 drivers
v0x62c3775caee0_0 .net *"_ivl_2", 5 0, L_0x62c3776070c0;  1 drivers
L_0x7f0b02053720 .functor BUFT 1, C4<0>, C4<0>, C4<0>, C4<0>;
v0x62c3775cb010_0 .net *"_ivl_20", 0 0, L_0x7f0b02053720;  1 drivers
v0x62c3775cb0f0_0 .net *"_ivl_25", 1 0, L_0x62c377607890;  1 drivers
v0x62c3775cb1d0_0 .net *"_ivl_26", 1 0, L_0x62c377607930;  1 drivers
v0x62c3775cb2b0_0 .net *"_ivl_29", 3 0, L_0x62c3776079f0;  1 drivers
v0x62c3775cb390_0 .net *"_ivl_30", 5 0, L_0x62c377607b70;  1 drivers
L_0x7f0b02053690 .functor BUFT 1, C4<00000>, C4<0>, C4<0>, C4<0>;
v0x62c3775cb470_0 .net *"_ivl_5", 4 0, L_0x7f0b02053690;  1 drivers
v0x62c3775cb550_0 .net *"_ivl_6", 5 0, L_0x62c377607160;  1 drivers
L_0x7f0b020536d8 .functor BUFT 1, C4<00000>, C4<0>, C4<0>, C4<0>;
v0x62c3775cb630_0 .net *"_ivl_9", 4 0, L_0x7f0b020536d8;  1 drivers
v0x62c3775cb710_0 .net "waddr", 4 0, L_0x62c377607020;  alias, 1 drivers
v0x62c3775cb7d0_0 .var "wbin", 5 0;
v0x62c3775cb890_0 .net "wbinnext", 5 0, L_0x62c377607420;  1 drivers
v0x62c3775cb970_0 .net "wclk", 0 0, L_0x62c377606a70;  alias, 1 drivers
v0x62c3775cbb20_0 .var "wfull", 0 0;
v0x62c3775cbbc0_0 .net "wfull_val", 0 0, L_0x62c377607c60;  1 drivers
v0x62c3775cbc60_0 .net "wgraynext", 5 0, L_0x62c3776074c0;  1 drivers
v0x62c3775cbd40_0 .net "winc", 0 0, v0x62c3775f1a30_0;  alias, 1 drivers
v0x62c3775cbe10_0 .var "wptr", 5 0;
v0x62c3775cbee0_0 .net "wq2_rptr", 5 0, v0x62c3775c9d40_0;  alias, 1 drivers
v0x62c3775cbfb0_0 .net "wrst_n", 0 0, L_0x62c377606ae0;  alias, 1 drivers
L_0x62c377607020 .part v0x62c3775cb7d0_0, 0, 5;
L_0x62c3776070c0 .concat [ 1 5 0 0], v0x62c3775f1a30_0, L_0x7f0b02053690;
L_0x62c377607160 .concat [ 1 5 0 0], v0x62c3775cbb20_0, L_0x7f0b020536d8;
L_0x62c377607420 .arith/sum 6, v0x62c3775cb7d0_0, L_0x62c377607310;
L_0x62c3776075d0 .part L_0x62c377607420, 1, 5;
L_0x62c3776076c0 .concat [ 5 1 0 0], L_0x62c3776075d0, L_0x7f0b02053720;
L_0x62c377607890 .part v0x62c3775c9d40_0, 4, 2;
L_0x62c3776079f0 .part v0x62c3775c9d40_0, 0, 4;
L_0x62c377607b70 .concat [ 4 2 0 0], L_0x62c3776079f0, L_0x62c377607930;
L_0x62c377607c60 .cmp/eq 6, L_0x62c3776074c0, L_0x62c377607b70;
S_0x62c3775cd470 .scope generate, "GEN_OUT[1]" "GEN_OUT[1]" 4 111, 4 111 0, S_0x62c3775c6760;
 .timescale -9 -12;
P_0x62c3775cd600 .param/l "out_idx" 0 4 111, +C4<01>;
L_0x62c377608820 .functor BUFZ 1, v0x62c3775fd960_0, C4<0>, C4<0>, C4<0>;
L_0x62c377608920 .functor BUFZ 1, v0x62c3775fff10_0, C4<0>, C4<0>, C4<0>;
L_0x62c377608ab0 .functor BUFZ 1, v0x62c3775fdb40_0, C4<0>, C4<0>, C4<0>;
L_0x62c377608c40 .functor BUFZ 1, v0x62c377600140_0, C4<0>, C4<0>, C4<0>;
v0x62c3775d3bf0_0 .net "fifo_rclk", 0 0, L_0x62c377608ab0;  1 drivers
v0x62c3775d3cb0_0 .net "fifo_rrst", 0 0, L_0x62c377608c40;  1 drivers
v0x62c3775d3d70_0 .net "fifo_wclk", 0 0, L_0x62c377608820;  1 drivers
v0x62c3775d3ea0_0 .net "fifo_wrst", 0 0, L_0x62c377608920;  1 drivers
S_0x62c3775cd6c0 .scope module, "FIFO_CROSSPOINT" "top_fifo" 4 124, 6 3 0, S_0x62c3775cd470;
 .timescale -9 -12;
    .port_info 0 /INPUT 1 "wclk";
    .port_info 1 /INPUT 1 "wrst_n";
    .port_info 2 /INPUT 1 "winc";
    .port_info 3 /INPUT 64 "wdata";
    .port_info 4 /OUTPUT 1 "wfull";
    .port_info 5 /INPUT 1 "rclk";
    .port_info 6 /INPUT 1 "rrst_n";
    .port_info 7 /INPUT 1 "rinc";
    .port_info 8 /OUTPUT 64 "rdata";
    .port_info 9 /OUTPUT 1 "rempty";
P_0x62c3775cd8a0 .param/l "ASIZE" 0 6 5, +C4<00000000000000000000000000000101>;
P_0x62c3775cd8e0 .param/l "DSIZE" 0 6 4, +C4<00000000000000000000000001000000>;
v0x62c3775d2c10_0 .net "raddr", 4 0, L_0x62c377609ec0;  1 drivers
v0x62c3775d2d40_0 .net "rclk", 0 0, L_0x62c377608ab0;  alias, 1 drivers
v0x62c3775d2e50_0 .net "rdata", 63 0, L_0x62c377608f10;  alias, 1 drivers
v0x62c3775d2ef0_0 .net "rempty", 0 0, v0x62c3775cfa50_0;  alias, 1 drivers
v0x62c3775d2fc0_0 .net "rinc", 0 0, v0x62c3775f7220_0;  alias, 1 drivers
v0x62c3775d30b0_0 .net "rptr", 5 0, v0x62c3775cfe80_0;  1 drivers
v0x62c3775d31a0_0 .net "rq2_wptr", 5 0, v0x62c3775d0f10_0;  1 drivers
v0x62c3775d3290_0 .net "rrst_n", 0 0, L_0x62c377608c40;  alias, 1 drivers
v0x62c3775d3380_0 .net "waddr", 4 0, L_0x62c377609010;  1 drivers
v0x62c3775d3420_0 .net "wclk", 0 0, L_0x62c377608820;  alias, 1 drivers
v0x62c3775d34c0_0 .net "wdata", 63 0, L_0x62c377612ca0;  alias, 1 drivers
v0x62c3775d3560_0 .net "wfull", 0 0, v0x62c3775d25d0_0;  alias, 1 drivers
v0x62c3775d3650_0 .net "winc", 0 0, v0x62c3775f1ad0_0;  alias, 1 drivers
v0x62c3775d3740_0 .net "wptr", 5 0, v0x62c3775d28c0_0;  1 drivers
v0x62c3775d3850_0 .net "wq2_rptr", 5 0, v0x62c3775d07f0_0;  1 drivers
v0x62c3775d3960_0 .net "wrst_n", 0 0, L_0x62c377608920;  alias, 1 drivers
S_0x62c3775cdb60 .scope module, "fifomem_inst" "fifo" 6 31, 7 3 0, S_0x62c3775cd6c0;
 .timescale -9 -12;
    .port_info 0 /INPUT 1 "wclk";
    .port_info 1 /INPUT 1 "wclken";
    .port_info 2 /INPUT 1 "wfull";
    .port_info 3 /INPUT 5 "waddr";
    .port_info 4 /INPUT 5 "raddr";
    .port_info 5 /INPUT 64 "wdata";
    .port_info 6 /OUTPUT 64 "rdata";
P_0x62c3775cdd60 .param/l "ADDRSIZE" 0 7 5, +C4<00000000000000000000000000000101>;
P_0x62c3775cdda0 .param/l "DATASIZE" 0 7 4, +C4<00000000000000000000000001000000>;
P_0x62c3775cdde0 .param/l "DEPTH" 1 7 17, +C4<0000000000000000000000000000000100000>;
L_0x62c377608f10 .functor BUFZ 64, L_0x62c377608dd0, C4<0000000000000000000000000000000000000000000000000000000000000000>, C4<0000000000000000000000000000000000000000000000000000000000000000>, C4<0000000000000000000000000000000000000000000000000000000000000000>;
v0x62c3775cdf20_0 .net *"_ivl_0", 63 0, L_0x62c377608dd0;  1 drivers
v0x62c3775ce150_0 .net *"_ivl_2", 6 0, L_0x62c377608e70;  1 drivers
L_0x7f0b02053840 .functor BUFT 1, C4<00>, C4<0>, C4<0>, C4<0>;
v0x62c3775ce230_0 .net *"_ivl_5", 1 0, L_0x7f0b02053840;  1 drivers
v0x62c3775ce2f0 .array "mem", 31 0, 63 0;
v0x62c3775ce3b0_0 .net "raddr", 4 0, L_0x62c377609ec0;  alias, 1 drivers
v0x62c3775ce4e0_0 .net "rdata", 63 0, L_0x62c377608f10;  alias, 1 drivers
v0x62c3775ce5c0_0 .net "waddr", 4 0, L_0x62c377609010;  alias, 1 drivers
v0x62c3775ce6a0_0 .net "wclk", 0 0, L_0x62c377608820;  alias, 1 drivers
v0x62c3775ce760_0 .net "wclken", 0 0, v0x62c3775f1ad0_0;  alias, 1 drivers
v0x62c3775ce820_0 .net "wdata", 63 0, L_0x62c377612ca0;  alias, 1 drivers
v0x62c3775ce8e0_0 .net "wfull", 0 0, v0x62c3775d25d0_0;  alias, 1 drivers
E_0x62c3775ce070 .event posedge, v0x62c3775ce6a0_0;
L_0x62c377608dd0 .array/port v0x62c3775ce2f0, L_0x62c377608e70;
L_0x62c377608e70 .concat [ 5 2 0 0], L_0x62c377609ec0, L_0x7f0b02053840;
S_0x62c3775ceac0 .scope module, "rptr_empty_inst" "rptr_empty" 6 81, 8 3 0, S_0x62c3775cd6c0;
 .timescale -9 -12;
    .port_info 0 /INPUT 1 "rclk";
    .port_info 1 /INPUT 1 "rrst_n";
    .port_info 2 /INPUT 1 "rinc";
    .port_info 3 /INPUT 6 "rq2_wptr";
    .port_info 4 /OUTPUT 1 "rempty";
    .port_info 5 /OUTPUT 5 "raddr";
    .port_info 6 /OUTPUT 6 "rptr";
P_0x62c3775cecc0 .param/l "ADDRSIZE" 0 8 4, +C4<00000000000000000000000000000101>;
L_0x62c37760a250 .functor NOT 6, L_0x62c37760a120, C4<000000>, C4<000000>, C4<000000>;
L_0x62c37760a2c0 .functor AND 6, L_0x62c377609ff0, L_0x62c37760a250, C4<111111>, C4<111111>;
L_0x62c37760a420 .functor XOR 6, L_0x62c37760a620, L_0x62c37760a380, C4<000000>, C4<000000>;
v0x62c3775cef00_0 .net *"_ivl_10", 5 0, L_0x62c37760a250;  1 drivers
v0x62c3775cf000_0 .net *"_ivl_12", 5 0, L_0x62c37760a2c0;  1 drivers
v0x62c3775cf0e0_0 .net *"_ivl_16", 5 0, L_0x62c37760a620;  1 drivers
v0x62c3775cf1a0_0 .net *"_ivl_18", 4 0, L_0x62c37760a530;  1 drivers
v0x62c3775cf280_0 .net *"_ivl_2", 5 0, L_0x62c377609ff0;  1 drivers
L_0x7f0b020539f0 .functor BUFT 1, C4<0>, C4<0>, C4<0>, C4<0>;
v0x62c3775cf3b0_0 .net *"_ivl_20", 0 0, L_0x7f0b020539f0;  1 drivers
L_0x7f0b02053960 .functor BUFT 1, C4<00000>, C4<0>, C4<0>, C4<0>;
v0x62c3775cf490_0 .net *"_ivl_5", 4 0, L_0x7f0b02053960;  1 drivers
v0x62c3775cf570_0 .net *"_ivl_6", 5 0, L_0x62c37760a120;  1 drivers
L_0x7f0b020539a8 .functor BUFT 1, C4<00000>, C4<0>, C4<0>, C4<0>;
v0x62c3775cf650_0 .net *"_ivl_9", 4 0, L_0x7f0b020539a8;  1 drivers
v0x62c3775cf730_0 .net "raddr", 4 0, L_0x62c377609ec0;  alias, 1 drivers
v0x62c3775cf7f0_0 .var "rbin", 5 0;
v0x62c3775cf8b0_0 .net "rbinnext", 5 0, L_0x62c37760a380;  1 drivers
v0x62c3775cf990_0 .net "rclk", 0 0, L_0x62c377608ab0;  alias, 1 drivers
v0x62c3775cfa50_0 .var "rempty", 0 0;
v0x62c3775cfb10_0 .net "rempty_val", 0 0, L_0x62c37760a7f0;  1 drivers
v0x62c3775cfbd0_0 .net "rgraynext", 5 0, L_0x62c37760a420;  1 drivers
v0x62c3775cfcb0_0 .net "rinc", 0 0, v0x62c3775f7220_0;  alias, 1 drivers
v0x62c3775cfe80_0 .var "rptr", 5 0;
v0x62c3775cff60_0 .net "rq2_wptr", 5 0, v0x62c3775d0f10_0;  alias, 1 drivers
v0x62c3775d0040_0 .net "rrst_n", 0 0, L_0x62c377608c40;  alias, 1 drivers
E_0x62c3775ceea0/0 .event negedge, v0x62c3775d0040_0;
E_0x62c3775ceea0/1 .event posedge, v0x62c3775cf990_0;
E_0x62c3775ceea0 .event/or E_0x62c3775ceea0/0, E_0x62c3775ceea0/1;
L_0x62c377609ec0 .part v0x62c3775cf7f0_0, 0, 5;
L_0x62c377609ff0 .concat [ 1 5 0 0], v0x62c3775f7220_0, L_0x7f0b02053960;
L_0x62c37760a120 .concat [ 1 5 0 0], v0x62c3775cfa50_0, L_0x7f0b020539a8;
L_0x62c37760a380 .arith/sum 6, v0x62c3775cf7f0_0, L_0x62c37760a2c0;
L_0x62c37760a530 .part L_0x62c37760a380, 1, 5;
L_0x62c37760a620 .concat [ 5 1 0 0], L_0x62c37760a530, L_0x7f0b020539f0;
L_0x62c37760a7f0 .cmp/eq 6, L_0x62c37760a420, v0x62c3775d0f10_0;
S_0x62c3775d0220 .scope module, "sync_r2w_inst" "sync_r2w" 6 45, 9 3 0, S_0x62c3775cd6c0;
 .timescale -9 -12;
    .port_info 0 /INPUT 1 "wclk";
    .port_info 1 /INPUT 1 "wrst_n";
    .port_info 2 /INPUT 6 "rptr";
    .port_info 3 /OUTPUT 6 "wq2_rptr";
P_0x62c3775d03b0 .param/l "N" 0 9 4, +C4<000000000000000000000000000000110>;
v0x62c3775d0540_0 .net "rptr", 5 0, v0x62c3775cfe80_0;  alias, 1 drivers
v0x62c3775d0650_0 .net "wclk", 0 0, L_0x62c377608820;  alias, 1 drivers
v0x62c3775d0720_0 .var "wq1_rptr", 5 0;
v0x62c3775d07f0_0 .var "wq2_rptr", 5 0;
v0x62c3775d08b0_0 .net "wrst_n", 0 0, L_0x62c377608920;  alias, 1 drivers
E_0x62c3775caa70/0 .event negedge, v0x62c3775d08b0_0;
E_0x62c3775caa70/1 .event posedge, v0x62c3775ce6a0_0;
E_0x62c3775caa70 .event/or E_0x62c3775caa70/0, E_0x62c3775caa70/1;
S_0x62c3775d0a40 .scope module, "sync_w2r_inst" "sync_w2r" 6 56, 10 3 0, S_0x62c3775cd6c0;
 .timescale -9 -12;
    .port_info 0 /INPUT 1 "rclk";
    .port_info 1 /INPUT 1 "rrst_n";
    .port_info 2 /INPUT 6 "wptr";
    .port_info 3 /OUTPUT 6 "rq2_wptr";
P_0x62c3775d0c20 .param/l "N" 0 10 4, +C4<000000000000000000000000000000110>;
v0x62c3775d0d60_0 .net "rclk", 0 0, L_0x62c377608ab0;  alias, 1 drivers
v0x62c3775d0e50_0 .var "rq1_wptr", 5 0;
v0x62c3775d0f10_0 .var "rq2_wptr", 5 0;
v0x62c3775d1010_0 .net "rrst_n", 0 0, L_0x62c377608c40;  alias, 1 drivers
v0x62c3775d10e0_0 .net "wptr", 5 0, v0x62c3775d28c0_0;  alias, 1 drivers
S_0x62c3775d1250 .scope module, "wptr_full_inst" "wptr_full" 6 67, 11 3 0, S_0x62c3775cd6c0;
 .timescale -9 -12;
    .port_info 0 /INPUT 1 "wclk";
    .port_info 1 /INPUT 1 "wrst_n";
    .port_info 2 /INPUT 1 "winc";
    .port_info 3 /INPUT 6 "wq2_rptr";
    .port_info 4 /OUTPUT 1 "wfull";
    .port_info 5 /OUTPUT 5 "waddr";
    .port_info 6 /OUTPUT 6 "wptr";
P_0x62c3775d1480 .param/l "ADDRSIZE" 0 11 4, +C4<00000000000000000000000000000101>;
L_0x62c3776091f0 .functor NOT 6, L_0x62c377609150, C4<000000>, C4<000000>, C4<000000>;
L_0x62c377609260 .functor AND 6, L_0x62c3776090b0, L_0x62c3776091f0, C4<111111>, C4<111111>;
L_0x62c377609370 .functor XOR 6, L_0x62c377609780, L_0x62c3776092d0, C4<000000>, C4<000000>;
L_0x62c3776099f0 .functor NOT 2, L_0x62c377609950, C4<00>, C4<00>, C4<00>;
v0x62c3775d1610_0 .net *"_ivl_10", 5 0, L_0x62c3776091f0;  1 drivers
v0x62c3775d1710_0 .net *"_ivl_12", 5 0, L_0x62c377609260;  1 drivers
v0x62c3775d17f0_0 .net *"_ivl_16", 5 0, L_0x62c377609780;  1 drivers
v0x62c3775d18b0_0 .net *"_ivl_18", 4 0, L_0x62c377609480;  1 drivers
v0x62c3775d1990_0 .net *"_ivl_2", 5 0, L_0x62c3776090b0;  1 drivers
L_0x7f0b02053918 .functor BUFT 1, C4<0>, C4<0>, C4<0>, C4<0>;
v0x62c3775d1ac0_0 .net *"_ivl_20", 0 0, L_0x7f0b02053918;  1 drivers
v0x62c3775d1ba0_0 .net *"_ivl_25", 1 0, L_0x62c377609950;  1 drivers
v0x62c3775d1c80_0 .net *"_ivl_26", 1 0, L_0x62c3776099f0;  1 drivers
v0x62c3775d1d60_0 .net *"_ivl_29", 3 0, L_0x62c377609ab0;  1 drivers
v0x62c3775d1e40_0 .net *"_ivl_30", 5 0, L_0x62c377609c30;  1 drivers
L_0x7f0b02053888 .functor BUFT 1, C4<00000>, C4<0>, C4<0>, C4<0>;
v0x62c3775d1f20_0 .net *"_ivl_5", 4 0, L_0x7f0b02053888;  1 drivers
v0x62c3775d2000_0 .net *"_ivl_6", 5 0, L_0x62c377609150;  1 drivers
L_0x7f0b020538d0 .functor BUFT 1, C4<00000>, C4<0>, C4<0>, C4<0>;
v0x62c3775d20e0_0 .net *"_ivl_9", 4 0, L_0x7f0b020538d0;  1 drivers
v0x62c3775d21c0_0 .net "waddr", 4 0, L_0x62c377609010;  alias, 1 drivers
v0x62c3775d2280_0 .var "wbin", 5 0;
v0x62c3775d2340_0 .net "wbinnext", 5 0, L_0x62c3776092d0;  1 drivers
v0x62c3775d2420_0 .net "wclk", 0 0, L_0x62c377608820;  alias, 1 drivers
v0x62c3775d25d0_0 .var "wfull", 0 0;
v0x62c3775d2670_0 .net "wfull_val", 0 0, L_0x62c377609d20;  1 drivers
v0x62c3775d2710_0 .net "wgraynext", 5 0, L_0x62c377609370;  1 drivers
v0x62c3775d27f0_0 .net "winc", 0 0, v0x62c3775f1ad0_0;  alias, 1 drivers
v0x62c3775d28c0_0 .var "wptr", 5 0;
v0x62c3775d2990_0 .net "wq2_rptr", 5 0, v0x62c3775d07f0_0;  alias, 1 drivers
v0x62c3775d2a60_0 .net "wrst_n", 0 0, L_0x62c377608920;  alias, 1 drivers
L_0x62c377609010 .part v0x62c3775d2280_0, 0, 5;
L_0x62c3776090b0 .concat [ 1 5 0 0], v0x62c3775f1ad0_0, L_0x7f0b02053888;
L_0x62c377609150 .concat [ 1 5 0 0], v0x62c3775d25d0_0, L_0x7f0b020538d0;
L_0x62c3776092d0 .arith/sum 6, v0x62c3775d2280_0, L_0x62c377609260;
L_0x62c377609480 .part L_0x62c3776092d0, 1, 5;
L_0x62c377609780 .concat [ 5 1 0 0], L_0x62c377609480, L_0x7f0b02053918;
L_0x62c377609950 .part v0x62c3775d07f0_0, 4, 2;
L_0x62c377609ab0 .part v0x62c3775d07f0_0, 0, 4;
L_0x62c377609c30 .concat [ 4 2 0 0], L_0x62c377609ab0, L_0x62c3776099f0;
L_0x62c377609d20 .cmp/eq 6, L_0x62c377609370, L_0x62c377609c30;
S_0x62c3775d3f40 .scope generate, "GEN_OUT[2]" "GEN_OUT[2]" 4 111, 4 111 0, S_0x62c3775c6760;
 .timescale -9 -12;
P_0x62c3775d40d0 .param/l "out_idx" 0 4 111, +C4<010>;
L_0x62c37760a8e0 .functor BUFZ 1, v0x62c3775fd960_0, C4<0>, C4<0>, C4<0>;
L_0x62c37760a950 .functor BUFZ 1, v0x62c3775fff10_0, C4<0>, C4<0>, C4<0>;
L_0x62c37760aa50 .functor BUFZ 1, v0x62c3775fdbe0_0, C4<0>, C4<0>, C4<0>;
L_0x62c37760abe0 .functor BUFZ 1, v0x62c377600230_0, C4<0>, C4<0>, C4<0>;
v0x62c3775da6c0_0 .net "fifo_rclk", 0 0, L_0x62c37760aa50;  1 drivers
v0x62c3775da780_0 .net "fifo_rrst", 0 0, L_0x62c37760abe0;  1 drivers
v0x62c3775da840_0 .net "fifo_wclk", 0 0, L_0x62c37760a8e0;  1 drivers
v0x62c3775da970_0 .net "fifo_wrst", 0 0, L_0x62c37760a950;  1 drivers
S_0x62c3775d4170 .scope module, "FIFO_CROSSPOINT" "top_fifo" 4 124, 6 3 0, S_0x62c3775d3f40;
 .timescale -9 -12;
    .port_info 0 /INPUT 1 "wclk";
    .port_info 1 /INPUT 1 "wrst_n";
    .port_info 2 /INPUT 1 "winc";
    .port_info 3 /INPUT 64 "wdata";
    .port_info 4 /OUTPUT 1 "wfull";
    .port_info 5 /INPUT 1 "rclk";
    .port_info 6 /INPUT 1 "rrst_n";
    .port_info 7 /INPUT 1 "rinc";
    .port_info 8 /OUTPUT 64 "rdata";
    .port_info 9 /OUTPUT 1 "rempty";
P_0x62c3775d4350 .param/l "ASIZE" 0 6 5, +C4<00000000000000000000000000000101>;
P_0x62c3775d4390 .param/l "DSIZE" 0 6 4, +C4<00000000000000000000000001000000>;
v0x62c3775d96e0_0 .net "raddr", 4 0, L_0x62c37760bcf0;  1 drivers
v0x62c3775d9810_0 .net "rclk", 0 0, L_0x62c37760aa50;  alias, 1 drivers
v0x62c3775d9920_0 .net "rdata", 63 0, L_0x62c37760aeb0;  alias, 1 drivers
v0x62c3775d99c0_0 .net "rempty", 0 0, v0x62c3775d64f0_0;  alias, 1 drivers
v0x62c3775d9a90_0 .net "rinc", 0 0, v0x62c3775f93e0_0;  alias, 1 drivers
v0x62c3775d9b80_0 .net "rptr", 5 0, v0x62c3775d6920_0;  1 drivers
v0x62c3775d9c70_0 .net "rq2_wptr", 5 0, v0x62c3775d79e0_0;  1 drivers
v0x62c3775d9d60_0 .net "rrst_n", 0 0, L_0x62c37760abe0;  alias, 1 drivers
v0x62c3775d9e50_0 .net "waddr", 4 0, L_0x62c37760afb0;  1 drivers
v0x62c3775d9ef0_0 .net "wclk", 0 0, L_0x62c37760a8e0;  alias, 1 drivers
v0x62c3775d9f90_0 .net "wdata", 63 0, L_0x62c377612ca0;  alias, 1 drivers
v0x62c3775da030_0 .net "wfull", 0 0, v0x62c3775d90a0_0;  alias, 1 drivers
v0x62c3775da120_0 .net "winc", 0 0, v0x62c3775f1b70_0;  alias, 1 drivers
v0x62c3775da210_0 .net "wptr", 5 0, v0x62c3775d9390_0;  1 drivers
v0x62c3775da320_0 .net "wq2_rptr", 5 0, v0x62c3775d72c0_0;  1 drivers
v0x62c3775da430_0 .net "wrst_n", 0 0, L_0x62c37760a950;  alias, 1 drivers
S_0x62c3775d4610 .scope module, "fifomem_inst" "fifo" 6 31, 7 3 0, S_0x62c3775d4170;
 .timescale -9 -12;
    .port_info 0 /INPUT 1 "wclk";
    .port_info 1 /INPUT 1 "wclken";
    .port_info 2 /INPUT 1 "wfull";
    .port_info 3 /INPUT 5 "waddr";
    .port_info 4 /INPUT 5 "raddr";
    .port_info 5 /INPUT 64 "wdata";
    .port_info 6 /OUTPUT 64 "rdata";
P_0x62c3775d4810 .param/l "ADDRSIZE" 0 7 5, +C4<00000000000000000000000000000101>;
P_0x62c3775d4850 .param/l "DATASIZE" 0 7 4, +C4<00000000000000000000000001000000>;
P_0x62c3775d4890 .param/l "DEPTH" 1 7 17, +C4<0000000000000000000000000000000100000>;
L_0x62c37760aeb0 .functor BUFZ 64, L_0x62c37760ad70, C4<0000000000000000000000000000000000000000000000000000000000000000>, C4<0000000000000000000000000000000000000000000000000000000000000000>, C4<0000000000000000000000000000000000000000000000000000000000000000>;
v0x62c3775d49d0_0 .net *"_ivl_0", 63 0, L_0x62c37760ad70;  1 drivers
v0x62c3775d4c00_0 .net *"_ivl_2", 6 0, L_0x62c37760ae10;  1 drivers
L_0x7f0b02053a38 .functor BUFT 1, C4<00>, C4<0>, C4<0>, C4<0>;
v0x62c3775d4ce0_0 .net *"_ivl_5", 1 0, L_0x7f0b02053a38;  1 drivers
v0x62c3775d4da0 .array "mem", 31 0, 63 0;
v0x62c3775d4e60_0 .net "raddr", 4 0, L_0x62c37760bcf0;  alias, 1 drivers
v0x62c3775d4f90_0 .net "rdata", 63 0, L_0x62c37760aeb0;  alias, 1 drivers
v0x62c3775d5070_0 .net "waddr", 4 0, L_0x62c37760afb0;  alias, 1 drivers
v0x62c3775d5150_0 .net "wclk", 0 0, L_0x62c37760a8e0;  alias, 1 drivers
v0x62c3775d5210_0 .net "wclken", 0 0, v0x62c3775f1b70_0;  alias, 1 drivers
v0x62c3775d52d0_0 .net "wdata", 63 0, L_0x62c377612ca0;  alias, 1 drivers
v0x62c3775d5420_0 .net "wfull", 0 0, v0x62c3775d90a0_0;  alias, 1 drivers
E_0x62c3775d4b20 .event posedge, v0x62c3775d5150_0;
L_0x62c37760ad70 .array/port v0x62c3775d4da0, L_0x62c37760ae10;
L_0x62c37760ae10 .concat [ 5 2 0 0], L_0x62c37760bcf0, L_0x7f0b02053a38;
S_0x62c3775d5600 .scope module, "rptr_empty_inst" "rptr_empty" 6 81, 8 3 0, S_0x62c3775d4170;
 .timescale -9 -12;
    .port_info 0 /INPUT 1 "rclk";
    .port_info 1 /INPUT 1 "rrst_n";
    .port_info 2 /INPUT 1 "rinc";
    .port_info 3 /INPUT 6 "rq2_wptr";
    .port_info 4 /OUTPUT 1 "rempty";
    .port_info 5 /OUTPUT 5 "raddr";
    .port_info 6 /OUTPUT 6 "rptr";
P_0x62c3775d4f00 .param/l "ADDRSIZE" 0 8 4, +C4<00000000000000000000000000000101>;
L_0x62c37760c080 .functor NOT 6, L_0x62c37760bf50, C4<000000>, C4<000000>, C4<000000>;
L_0x62c37760c0f0 .functor AND 6, L_0x62c37760be20, L_0x62c37760c080, C4<111111>, C4<111111>;
L_0x62c37760c250 .functor XOR 6, L_0x62c37760c450, L_0x62c37760c1b0, C4<000000>, C4<000000>;
v0x62c3775d59a0_0 .net *"_ivl_10", 5 0, L_0x62c37760c080;  1 drivers
v0x62c3775d5aa0_0 .net *"_ivl_12", 5 0, L_0x62c37760c0f0;  1 drivers
v0x62c3775d5b80_0 .net *"_ivl_16", 5 0, L_0x62c37760c450;  1 drivers
v0x62c3775d5c40_0 .net *"_ivl_18", 4 0, L_0x62c37760c360;  1 drivers
v0x62c3775d5d20_0 .net *"_ivl_2", 5 0, L_0x62c37760be20;  1 drivers
L_0x7f0b02053be8 .functor BUFT 1, C4<0>, C4<0>, C4<0>, C4<0>;
v0x62c3775d5e50_0 .net *"_ivl_20", 0 0, L_0x7f0b02053be8;  1 drivers
L_0x7f0b02053b58 .functor BUFT 1, C4<00000>, C4<0>, C4<0>, C4<0>;
v0x62c3775d5f30_0 .net *"_ivl_5", 4 0, L_0x7f0b02053b58;  1 drivers
v0x62c3775d6010_0 .net *"_ivl_6", 5 0, L_0x62c37760bf50;  1 drivers
L_0x7f0b02053ba0 .functor BUFT 1, C4<00000>, C4<0>, C4<0>, C4<0>;
v0x62c3775d60f0_0 .net *"_ivl_9", 4 0, L_0x7f0b02053ba0;  1 drivers
v0x62c3775d61d0_0 .net "raddr", 4 0, L_0x62c37760bcf0;  alias, 1 drivers
v0x62c3775d6290_0 .var "rbin", 5 0;
v0x62c3775d6350_0 .net "rbinnext", 5 0, L_0x62c37760c1b0;  1 drivers
v0x62c3775d6430_0 .net "rclk", 0 0, L_0x62c37760aa50;  alias, 1 drivers
v0x62c3775d64f0_0 .var "rempty", 0 0;
v0x62c3775d65b0_0 .net "rempty_val", 0 0, L_0x62c37760c620;  1 drivers
v0x62c3775d6670_0 .net "rgraynext", 5 0, L_0x62c37760c250;  1 drivers
v0x62c3775d6750_0 .net "rinc", 0 0, v0x62c3775f93e0_0;  alias, 1 drivers
v0x62c3775d6920_0 .var "rptr", 5 0;
v0x62c3775d6a00_0 .net "rq2_wptr", 5 0, v0x62c3775d79e0_0;  alias, 1 drivers
v0x62c3775d6ae0_0 .net "rrst_n", 0 0, L_0x62c37760abe0;  alias, 1 drivers
E_0x62c3775d5940/0 .event negedge, v0x62c3775d6ae0_0;
E_0x62c3775d5940/1 .event posedge, v0x62c3775d6430_0;
E_0x62c3775d5940 .event/or E_0x62c3775d5940/0, E_0x62c3775d5940/1;
L_0x62c37760bcf0 .part v0x62c3775d6290_0, 0, 5;
L_0x62c37760be20 .concat [ 1 5 0 0], v0x62c3775f93e0_0, L_0x7f0b02053b58;
L_0x62c37760bf50 .concat [ 1 5 0 0], v0x62c3775d64f0_0, L_0x7f0b02053ba0;
L_0x62c37760c1b0 .arith/sum 6, v0x62c3775d6290_0, L_0x62c37760c0f0;
L_0x62c37760c360 .part L_0x62c37760c1b0, 1, 5;
L_0x62c37760c450 .concat [ 5 1 0 0], L_0x62c37760c360, L_0x7f0b02053be8;
L_0x62c37760c620 .cmp/eq 6, L_0x62c37760c250, v0x62c3775d79e0_0;
S_0x62c3775d6cc0 .scope module, "sync_r2w_inst" "sync_r2w" 6 45, 9 3 0, S_0x62c3775d4170;
 .timescale -9 -12;
    .port_info 0 /INPUT 1 "wclk";
    .port_info 1 /INPUT 1 "wrst_n";
    .port_info 2 /INPUT 6 "rptr";
    .port_info 3 /OUTPUT 6 "wq2_rptr";
P_0x62c3775d6e80 .param/l "N" 0 9 4, +C4<000000000000000000000000000000110>;
v0x62c3775d7010_0 .net "rptr", 5 0, v0x62c3775d6920_0;  alias, 1 drivers
v0x62c3775d7120_0 .net "wclk", 0 0, L_0x62c37760a8e0;  alias, 1 drivers
v0x62c3775d71f0_0 .var "wq1_rptr", 5 0;
v0x62c3775d72c0_0 .var "wq2_rptr", 5 0;
v0x62c3775d7380_0 .net "wrst_n", 0 0, L_0x62c37760a950;  alias, 1 drivers
E_0x62c3775d1520/0 .event negedge, v0x62c3775d7380_0;
E_0x62c3775d1520/1 .event posedge, v0x62c3775d5150_0;
E_0x62c3775d1520 .event/or E_0x62c3775d1520/0, E_0x62c3775d1520/1;
S_0x62c3775d7510 .scope module, "sync_w2r_inst" "sync_w2r" 6 56, 10 3 0, S_0x62c3775d4170;
 .timescale -9 -12;
    .port_info 0 /INPUT 1 "rclk";
    .port_info 1 /INPUT 1 "rrst_n";
    .port_info 2 /INPUT 6 "wptr";
    .port_info 3 /OUTPUT 6 "rq2_wptr";
P_0x62c3775d76f0 .param/l "N" 0 10 4, +C4<000000000000000000000000000000110>;
v0x62c3775d7830_0 .net "rclk", 0 0, L_0x62c37760aa50;  alias, 1 drivers
v0x62c3775d7920_0 .var "rq1_wptr", 5 0;
v0x62c3775d79e0_0 .var "rq2_wptr", 5 0;
v0x62c3775d7ae0_0 .net "rrst_n", 0 0, L_0x62c37760abe0;  alias, 1 drivers
v0x62c3775d7bb0_0 .net "wptr", 5 0, v0x62c3775d9390_0;  alias, 1 drivers
S_0x62c3775d7d20 .scope module, "wptr_full_inst" "wptr_full" 6 67, 11 3 0, S_0x62c3775d4170;
 .timescale -9 -12;
    .port_info 0 /INPUT 1 "wclk";
    .port_info 1 /INPUT 1 "wrst_n";
    .port_info 2 /INPUT 1 "winc";
    .port_info 3 /INPUT 6 "wq2_rptr";
    .port_info 4 /OUTPUT 1 "wfull";
    .port_info 5 /OUTPUT 5 "waddr";
    .port_info 6 /OUTPUT 6 "wptr";
P_0x62c3775d7f50 .param/l "ADDRSIZE" 0 11 4, +C4<00000000000000000000000000000101>;
L_0x62c37760b190 .functor NOT 6, L_0x62c37760b0f0, C4<000000>, C4<000000>, C4<000000>;
L_0x62c37760b200 .functor AND 6, L_0x62c37760b050, L_0x62c37760b190, C4<111111>, C4<111111>;
L_0x62c37760b3b0 .functor XOR 6, L_0x62c37760b5b0, L_0x62c37760b310, C4<000000>, C4<000000>;
L_0x62c37760b820 .functor NOT 2, L_0x62c37760b780, C4<00>, C4<00>, C4<00>;
v0x62c3775d80e0_0 .net *"_ivl_10", 5 0, L_0x62c37760b190;  1 drivers
v0x62c3775d81e0_0 .net *"_ivl_12", 5 0, L_0x62c37760b200;  1 drivers
v0x62c3775d82c0_0 .net *"_ivl_16", 5 0, L_0x62c37760b5b0;  1 drivers
v0x62c3775d8380_0 .net *"_ivl_18", 4 0, L_0x62c37760b4c0;  1 drivers
v0x62c3775d8460_0 .net *"_ivl_2", 5 0, L_0x62c37760b050;  1 drivers
L_0x7f0b02053b10 .functor BUFT 1, C4<0>, C4<0>, C4<0>, C4<0>;
v0x62c3775d8590_0 .net *"_ivl_20", 0 0, L_0x7f0b02053b10;  1 drivers
v0x62c3775d8670_0 .net *"_ivl_25", 1 0, L_0x62c37760b780;  1 drivers
v0x62c3775d8750_0 .net *"_ivl_26", 1 0, L_0x62c37760b820;  1 drivers
v0x62c3775d8830_0 .net *"_ivl_29", 3 0, L_0x62c37760b8e0;  1 drivers
v0x62c3775d8910_0 .net *"_ivl_30", 5 0, L_0x62c37760ba60;  1 drivers
L_0x7f0b02053a80 .functor BUFT 1, C4<00000>, C4<0>, C4<0>, C4<0>;
v0x62c3775d89f0_0 .net *"_ivl_5", 4 0, L_0x7f0b02053a80;  1 drivers
v0x62c3775d8ad0_0 .net *"_ivl_6", 5 0, L_0x62c37760b0f0;  1 drivers
L_0x7f0b02053ac8 .functor BUFT 1, C4<00000>, C4<0>, C4<0>, C4<0>;
v0x62c3775d8bb0_0 .net *"_ivl_9", 4 0, L_0x7f0b02053ac8;  1 drivers
v0x62c3775d8c90_0 .net "waddr", 4 0, L_0x62c37760afb0;  alias, 1 drivers
v0x62c3775d8d50_0 .var "wbin", 5 0;
v0x62c3775d8e10_0 .net "wbinnext", 5 0, L_0x62c37760b310;  1 drivers
v0x62c3775d8ef0_0 .net "wclk", 0 0, L_0x62c37760a8e0;  alias, 1 drivers
v0x62c3775d90a0_0 .var "wfull", 0 0;
v0x62c3775d9140_0 .net "wfull_val", 0 0, L_0x62c37760bb50;  1 drivers
v0x62c3775d91e0_0 .net "wgraynext", 5 0, L_0x62c37760b3b0;  1 drivers
v0x62c3775d92c0_0 .net "winc", 0 0, v0x62c3775f1b70_0;  alias, 1 drivers
v0x62c3775d9390_0 .var "wptr", 5 0;
v0x62c3775d9460_0 .net "wq2_rptr", 5 0, v0x62c3775d72c0_0;  alias, 1 drivers
v0x62c3775d9530_0 .net "wrst_n", 0 0, L_0x62c37760a950;  alias, 1 drivers
L_0x62c37760afb0 .part v0x62c3775d8d50_0, 0, 5;
L_0x62c37760b050 .concat [ 1 5 0 0], v0x62c3775f1b70_0, L_0x7f0b02053a80;
L_0x62c37760b0f0 .concat [ 1 5 0 0], v0x62c3775d90a0_0, L_0x7f0b02053ac8;
L_0x62c37760b310 .arith/sum 6, v0x62c3775d8d50_0, L_0x62c37760b200;
L_0x62c37760b4c0 .part L_0x62c37760b310, 1, 5;
L_0x62c37760b5b0 .concat [ 5 1 0 0], L_0x62c37760b4c0, L_0x7f0b02053b10;
L_0x62c37760b780 .part v0x62c3775d72c0_0, 4, 2;
L_0x62c37760b8e0 .part v0x62c3775d72c0_0, 0, 4;
L_0x62c37760ba60 .concat [ 4 2 0 0], L_0x62c37760b8e0, L_0x62c37760b820;
L_0x62c37760bb50 .cmp/eq 6, L_0x62c37760b3b0, L_0x62c37760ba60;
S_0x62c3775daa10 .scope generate, "GEN_IN[2]" "GEN_IN[2]" 4 110, 4 110 0, S_0x62c377551b60;
 .timescale -9 -12;
P_0x62c3775daba0 .param/l "in_idx" 0 4 110, +C4<010>;
S_0x62c3775dac60 .scope generate, "GEN_OUT[0]" "GEN_OUT[0]" 4 111, 4 111 0, S_0x62c3775daa10;
 .timescale -9 -12;
P_0x62c3775dae60 .param/l "out_idx" 0 4 111, +C4<00>;
L_0x62c37760c710 .functor BUFZ 1, v0x62c3775fda00_0, C4<0>, C4<0>, C4<0>;
L_0x62c37760c7d0 .functor BUFZ 1, v0x62c377600000_0, C4<0>, C4<0>, C4<0>;
L_0x62c37760c8d0 .functor BUFZ 1, v0x62c3775fdaa0_0, C4<0>, C4<0>, C4<0>;
L_0x62c37760c9d0 .functor BUFZ 1, v0x62c3776000a0_0, C4<0>, C4<0>, C4<0>;
v0x62c3775e1420_0 .net "fifo_rclk", 0 0, L_0x62c37760c8d0;  1 drivers
v0x62c3775e14e0_0 .net "fifo_rrst", 0 0, L_0x62c37760c9d0;  1 drivers
v0x62c3775e15a0_0 .net "fifo_wclk", 0 0, L_0x62c37760c710;  1 drivers
v0x62c3775e16d0_0 .net "fifo_wrst", 0 0, L_0x62c37760c7d0;  1 drivers
S_0x62c3775daf40 .scope module, "FIFO_CROSSPOINT" "top_fifo" 4 124, 6 3 0, S_0x62c3775dac60;
 .timescale -9 -12;
    .port_info 0 /INPUT 1 "wclk";
    .port_info 1 /INPUT 1 "wrst_n";
    .port_info 2 /INPUT 1 "winc";
    .port_info 3 /INPUT 64 "wdata";
    .port_info 4 /OUTPUT 1 "wfull";
    .port_info 5 /INPUT 1 "rclk";
    .port_info 6 /INPUT 1 "rrst_n";
    .port_info 7 /INPUT 1 "rinc";
    .port_info 8 /OUTPUT 64 "rdata";
    .port_info 9 /OUTPUT 1 "rempty";
P_0x62c3775db120 .param/l "ASIZE" 0 6 5, +C4<00000000000000000000000000000101>;
P_0x62c3775db160 .param/l "DSIZE" 0 6 4, +C4<00000000000000000000000001000000>;
v0x62c3775e0460_0 .net "raddr", 4 0, L_0x62c37760db70;  1 drivers
v0x62c3775e0590_0 .net "rclk", 0 0, L_0x62c37760c8d0;  alias, 1 drivers
v0x62c3775e06a0_0 .net "rdata", 63 0, L_0x62c37760cc10;  alias, 1 drivers
v0x62c3775e0740_0 .net "rempty", 0 0, v0x62c3775dd2a0_0;  alias, 1 drivers
v0x62c3775e0810_0 .net "rinc", 0 0, v0x62c3775f5190_0;  alias, 1 drivers
v0x62c3775e0900_0 .net "rptr", 5 0, v0x62c3775dd6d0_0;  1 drivers
v0x62c3775e09f0_0 .net "rq2_wptr", 5 0, v0x62c3775de760_0;  1 drivers
v0x62c3775e0ae0_0 .net "rrst_n", 0 0, L_0x62c37760c9d0;  alias, 1 drivers
v0x62c3775e0bd0_0 .net "waddr", 4 0, L_0x62c37760cd10;  1 drivers
v0x62c3775e0c70_0 .net "wclk", 0 0, L_0x62c37760c710;  alias, 1 drivers
v0x62c3775e0d10_0 .net "wdata", 63 0, L_0x62c377613780;  alias, 1 drivers
v0x62c3775e0db0_0 .net "wfull", 0 0, v0x62c3775dfe20_0;  alias, 1 drivers
v0x62c3775e0ea0_0 .net "winc", 0 0, v0x62c3775f32e0_0;  alias, 1 drivers
v0x62c3775e0f90_0 .net "wptr", 5 0, v0x62c3775e0110_0;  1 drivers
v0x62c3775e1080_0 .net "wq2_rptr", 5 0, v0x62c3775de040_0;  1 drivers
v0x62c3775e1190_0 .net "wrst_n", 0 0, L_0x62c37760c7d0;  alias, 1 drivers
S_0x62c3775db3e0 .scope module, "fifomem_inst" "fifo" 6 31, 7 3 0, S_0x62c3775daf40;
 .timescale -9 -12;
    .port_info 0 /INPUT 1 "wclk";
    .port_info 1 /INPUT 1 "wclken";
    .port_info 2 /INPUT 1 "wfull";
    .port_info 3 /INPUT 5 "waddr";
    .port_info 4 /INPUT 5 "raddr";
    .port_info 5 /INPUT 64 "wdata";
    .port_info 6 /OUTPUT 64 "rdata";
P_0x62c3775db5e0 .param/l "ADDRSIZE" 0 7 5, +C4<00000000000000000000000000000101>;
P_0x62c3775db620 .param/l "DATASIZE" 0 7 4, +C4<00000000000000000000000001000000>;
P_0x62c3775db660 .param/l "DEPTH" 1 7 17, +C4<0000000000000000000000000000000100000>;
L_0x62c37760cc10 .functor BUFZ 64, L_0x62c37760cad0, C4<0000000000000000000000000000000000000000000000000000000000000000>, C4<0000000000000000000000000000000000000000000000000000000000000000>, C4<0000000000000000000000000000000000000000000000000000000000000000>;
v0x62c3775db7a0_0 .net *"_ivl_0", 63 0, L_0x62c37760cad0;  1 drivers
v0x62c3775db9d0_0 .net *"_ivl_2", 6 0, L_0x62c37760cb70;  1 drivers
L_0x7f0b02053c30 .functor BUFT 1, C4<00>, C4<0>, C4<0>, C4<0>;
v0x62c3775dbab0_0 .net *"_ivl_5", 1 0, L_0x7f0b02053c30;  1 drivers
v0x62c3775dbb70 .array "mem", 31 0, 63 0;
v0x62c3775dbc30_0 .net "raddr", 4 0, L_0x62c37760db70;  alias, 1 drivers
v0x62c3775dbd60_0 .net "rdata", 63 0, L_0x62c37760cc10;  alias, 1 drivers
v0x62c3775dbe40_0 .net "waddr", 4 0, L_0x62c37760cd10;  alias, 1 drivers
v0x62c3775dbf20_0 .net "wclk", 0 0, L_0x62c37760c710;  alias, 1 drivers
v0x62c3775dbfe0_0 .net "wclken", 0 0, v0x62c3775f32e0_0;  alias, 1 drivers
v0x62c3775dc0a0_0 .net "wdata", 63 0, L_0x62c377613780;  alias, 1 drivers
v0x62c3775dc180_0 .net "wfull", 0 0, v0x62c3775dfe20_0;  alias, 1 drivers
E_0x62c3775db8f0 .event posedge, v0x62c3775dbf20_0;
L_0x62c37760cad0 .array/port v0x62c3775dbb70, L_0x62c37760cb70;
L_0x62c37760cb70 .concat [ 5 2 0 0], L_0x62c37760db70, L_0x7f0b02053c30;
S_0x62c3775dc360 .scope module, "rptr_empty_inst" "rptr_empty" 6 81, 8 3 0, S_0x62c3775daf40;
 .timescale -9 -12;
    .port_info 0 /INPUT 1 "rclk";
    .port_info 1 /INPUT 1 "rrst_n";
    .port_info 2 /INPUT 1 "rinc";
    .port_info 3 /INPUT 6 "rq2_wptr";
    .port_info 4 /OUTPUT 1 "rempty";
    .port_info 5 /OUTPUT 5 "raddr";
    .port_info 6 /OUTPUT 6 "rptr";
P_0x62c3775dc510 .param/l "ADDRSIZE" 0 8 4, +C4<00000000000000000000000000000101>;
L_0x62c37760df00 .functor NOT 6, L_0x62c37760ddd0, C4<000000>, C4<000000>, C4<000000>;
L_0x62c37760df70 .functor AND 6, L_0x62c37760dca0, L_0x62c37760df00, C4<111111>, C4<111111>;
L_0x62c37760e0d0 .functor XOR 6, L_0x62c37760e300, L_0x62c37760e030, C4<000000>, C4<000000>;
v0x62c3775dc750_0 .net *"_ivl_10", 5 0, L_0x62c37760df00;  1 drivers
v0x62c3775dc850_0 .net *"_ivl_12", 5 0, L_0x62c37760df70;  1 drivers
v0x62c3775dc930_0 .net *"_ivl_16", 5 0, L_0x62c37760e300;  1 drivers
v0x62c3775dc9f0_0 .net *"_ivl_18", 4 0, L_0x62c37760e210;  1 drivers
v0x62c3775dcad0_0 .net *"_ivl_2", 5 0, L_0x62c37760dca0;  1 drivers
L_0x7f0b02053de0 .functor BUFT 1, C4<0>, C4<0>, C4<0>, C4<0>;
v0x62c3775dcc00_0 .net *"_ivl_20", 0 0, L_0x7f0b02053de0;  1 drivers
L_0x7f0b02053d50 .functor BUFT 1, C4<00000>, C4<0>, C4<0>, C4<0>;
v0x62c3775dcce0_0 .net *"_ivl_5", 4 0, L_0x7f0b02053d50;  1 drivers
v0x62c3775dcdc0_0 .net *"_ivl_6", 5 0, L_0x62c37760ddd0;  1 drivers
L_0x7f0b02053d98 .functor BUFT 1, C4<00000>, C4<0>, C4<0>, C4<0>;
v0x62c3775dcea0_0 .net *"_ivl_9", 4 0, L_0x7f0b02053d98;  1 drivers
v0x62c3775dcf80_0 .net "raddr", 4 0, L_0x62c37760db70;  alias, 1 drivers
v0x62c3775dd040_0 .var "rbin", 5 0;
v0x62c3775dd100_0 .net "rbinnext", 5 0, L_0x62c37760e030;  1 drivers
v0x62c3775dd1e0_0 .net "rclk", 0 0, L_0x62c37760c8d0;  alias, 1 drivers
v0x62c3775dd2a0_0 .var "rempty", 0 0;
v0x62c3775dd360_0 .net "rempty_val", 0 0, L_0x62c37760e490;  1 drivers
v0x62c3775dd420_0 .net "rgraynext", 5 0, L_0x62c37760e0d0;  1 drivers
v0x62c3775dd500_0 .net "rinc", 0 0, v0x62c3775f5190_0;  alias, 1 drivers
v0x62c3775dd6d0_0 .var "rptr", 5 0;
v0x62c3775dd7b0_0 .net "rq2_wptr", 5 0, v0x62c3775de760_0;  alias, 1 drivers
v0x62c3775dd890_0 .net "rrst_n", 0 0, L_0x62c37760c9d0;  alias, 1 drivers
E_0x62c3775dc6f0/0 .event negedge, v0x62c3775dd890_0;
E_0x62c3775dc6f0/1 .event posedge, v0x62c3775dd1e0_0;
E_0x62c3775dc6f0 .event/or E_0x62c3775dc6f0/0, E_0x62c3775dc6f0/1;
L_0x62c37760db70 .part v0x62c3775dd040_0, 0, 5;
L_0x62c37760dca0 .concat [ 1 5 0 0], v0x62c3775f5190_0, L_0x7f0b02053d50;
L_0x62c37760ddd0 .concat [ 1 5 0 0], v0x62c3775dd2a0_0, L_0x7f0b02053d98;
L_0x62c37760e030 .arith/sum 6, v0x62c3775dd040_0, L_0x62c37760df70;
L_0x62c37760e210 .part L_0x62c37760e030, 1, 5;
L_0x62c37760e300 .concat [ 5 1 0 0], L_0x62c37760e210, L_0x7f0b02053de0;
L_0x62c37760e490 .cmp/eq 6, L_0x62c37760e0d0, v0x62c3775de760_0;
S_0x62c3775dda70 .scope module, "sync_r2w_inst" "sync_r2w" 6 45, 9 3 0, S_0x62c3775daf40;
 .timescale -9 -12;
    .port_info 0 /INPUT 1 "wclk";
    .port_info 1 /INPUT 1 "wrst_n";
    .port_info 2 /INPUT 6 "rptr";
    .port_info 3 /OUTPUT 6 "wq2_rptr";
P_0x62c3775ddc00 .param/l "N" 0 9 4, +C4<000000000000000000000000000000110>;
v0x62c3775ddd90_0 .net "rptr", 5 0, v0x62c3775dd6d0_0;  alias, 1 drivers
v0x62c3775ddea0_0 .net "wclk", 0 0, L_0x62c37760c710;  alias, 1 drivers
v0x62c3775ddf70_0 .var "wq1_rptr", 5 0;
v0x62c3775de040_0 .var "wq2_rptr", 5 0;
v0x62c3775de100_0 .net "wrst_n", 0 0, L_0x62c37760c7d0;  alias, 1 drivers
E_0x62c3775d7ff0/0 .event negedge, v0x62c3775de100_0;
E_0x62c3775d7ff0/1 .event posedge, v0x62c3775dbf20_0;
E_0x62c3775d7ff0 .event/or E_0x62c3775d7ff0/0, E_0x62c3775d7ff0/1;
S_0x62c3775de290 .scope module, "sync_w2r_inst" "sync_w2r" 6 56, 10 3 0, S_0x62c3775daf40;
 .timescale -9 -12;
    .port_info 0 /INPUT 1 "rclk";
    .port_info 1 /INPUT 1 "rrst_n";
    .port_info 2 /INPUT 6 "wptr";
    .port_info 3 /OUTPUT 6 "rq2_wptr";
P_0x62c3775de470 .param/l "N" 0 10 4, +C4<000000000000000000000000000000110>;
v0x62c3775de5b0_0 .net "rclk", 0 0, L_0x62c37760c8d0;  alias, 1 drivers
v0x62c3775de6a0_0 .var "rq1_wptr", 5 0;
v0x62c3775de760_0 .var "rq2_wptr", 5 0;
v0x62c3775de860_0 .net "rrst_n", 0 0, L_0x62c37760c9d0;  alias, 1 drivers
v0x62c3775de930_0 .net "wptr", 5 0, v0x62c3775e0110_0;  alias, 1 drivers
S_0x62c3775deaa0 .scope module, "wptr_full_inst" "wptr_full" 6 67, 11 3 0, S_0x62c3775daf40;
 .timescale -9 -12;
    .port_info 0 /INPUT 1 "wclk";
    .port_info 1 /INPUT 1 "wrst_n";
    .port_info 2 /INPUT 1 "winc";
    .port_info 3 /INPUT 6 "wq2_rptr";
    .port_info 4 /OUTPUT 1 "wfull";
    .port_info 5 /OUTPUT 5 "waddr";
    .port_info 6 /OUTPUT 6 "wptr";
P_0x62c3775decd0 .param/l "ADDRSIZE" 0 11 4, +C4<00000000000000000000000000000101>;
L_0x62c37760cf90 .functor NOT 6, L_0x62c37760cea0, C4<000000>, C4<000000>, C4<000000>;
L_0x62c37760d050 .functor AND 6, L_0x62c37760cdb0, L_0x62c37760cf90, C4<111111>, C4<111111>;
L_0x62c37760d200 .functor XOR 6, L_0x62c37760d400, L_0x62c37760d160, C4<000000>, C4<000000>;
L_0x62c37760d670 .functor NOT 2, L_0x62c37760d5d0, C4<00>, C4<00>, C4<00>;
v0x62c3775dee60_0 .net *"_ivl_10", 5 0, L_0x62c37760cf90;  1 drivers
v0x62c3775def60_0 .net *"_ivl_12", 5 0, L_0x62c37760d050;  1 drivers
v0x62c3775df040_0 .net *"_ivl_16", 5 0, L_0x62c37760d400;  1 drivers
v0x62c3775df100_0 .net *"_ivl_18", 4 0, L_0x62c37760d310;  1 drivers
v0x62c3775df1e0_0 .net *"_ivl_2", 5 0, L_0x62c37760cdb0;  1 drivers
L_0x7f0b02053d08 .functor BUFT 1, C4<0>, C4<0>, C4<0>, C4<0>;
v0x62c3775df310_0 .net *"_ivl_20", 0 0, L_0x7f0b02053d08;  1 drivers
v0x62c3775df3f0_0 .net *"_ivl_25", 1 0, L_0x62c37760d5d0;  1 drivers
v0x62c3775df4d0_0 .net *"_ivl_26", 1 0, L_0x62c37760d670;  1 drivers
v0x62c3775df5b0_0 .net *"_ivl_29", 3 0, L_0x62c37760d760;  1 drivers
v0x62c3775df690_0 .net *"_ivl_30", 5 0, L_0x62c37760d8e0;  1 drivers
L_0x7f0b02053c78 .functor BUFT 1, C4<00000>, C4<0>, C4<0>, C4<0>;
v0x62c3775df770_0 .net *"_ivl_5", 4 0, L_0x7f0b02053c78;  1 drivers
v0x62c3775df850_0 .net *"_ivl_6", 5 0, L_0x62c37760cea0;  1 drivers
L_0x7f0b02053cc0 .functor BUFT 1, C4<00000>, C4<0>, C4<0>, C4<0>;
v0x62c3775df930_0 .net *"_ivl_9", 4 0, L_0x7f0b02053cc0;  1 drivers
v0x62c3775dfa10_0 .net "waddr", 4 0, L_0x62c37760cd10;  alias, 1 drivers
v0x62c3775dfad0_0 .var "wbin", 5 0;
v0x62c3775dfb90_0 .net "wbinnext", 5 0, L_0x62c37760d160;  1 drivers
v0x62c3775dfc70_0 .net "wclk", 0 0, L_0x62c37760c710;  alias, 1 drivers
v0x62c3775dfe20_0 .var "wfull", 0 0;
v0x62c3775dfec0_0 .net "wfull_val", 0 0, L_0x62c37760d9d0;  1 drivers
v0x62c3775dff60_0 .net "wgraynext", 5 0, L_0x62c37760d200;  1 drivers
v0x62c3775e0040_0 .net "winc", 0 0, v0x62c3775f32e0_0;  alias, 1 drivers
v0x62c3775e0110_0 .var "wptr", 5 0;
v0x62c3775e01e0_0 .net "wq2_rptr", 5 0, v0x62c3775de040_0;  alias, 1 drivers
v0x62c3775e02b0_0 .net "wrst_n", 0 0, L_0x62c37760c7d0;  alias, 1 drivers
L_0x62c37760cd10 .part v0x62c3775dfad0_0, 0, 5;
L_0x62c37760cdb0 .concat [ 1 5 0 0], v0x62c3775f32e0_0, L_0x7f0b02053c78;
L_0x62c37760cea0 .concat [ 1 5 0 0], v0x62c3775dfe20_0, L_0x7f0b02053cc0;
L_0x62c37760d160 .arith/sum 6, v0x62c3775dfad0_0, L_0x62c37760d050;
L_0x62c37760d310 .part L_0x62c37760d160, 1, 5;
L_0x62c37760d400 .concat [ 5 1 0 0], L_0x62c37760d310, L_0x7f0b02053d08;
L_0x62c37760d5d0 .part v0x62c3775de040_0, 4, 2;
L_0x62c37760d760 .part v0x62c3775de040_0, 0, 4;
L_0x62c37760d8e0 .concat [ 4 2 0 0], L_0x62c37760d760, L_0x62c37760d670;
L_0x62c37760d9d0 .cmp/eq 6, L_0x62c37760d200, L_0x62c37760d8e0;
S_0x62c3775e1770 .scope generate, "GEN_OUT[1]" "GEN_OUT[1]" 4 111, 4 111 0, S_0x62c3775daa10;
 .timescale -9 -12;
P_0x62c3775e1900 .param/l "out_idx" 0 4 111, +C4<01>;
L_0x62c37760e580 .functor BUFZ 1, v0x62c3775fda00_0, C4<0>, C4<0>, C4<0>;
L_0x62c37760e5f0 .functor BUFZ 1, v0x62c377600000_0, C4<0>, C4<0>, C4<0>;
L_0x62c37760e6f0 .functor BUFZ 1, v0x62c3775fdb40_0, C4<0>, C4<0>, C4<0>;
L_0x62c37760e7f0 .functor BUFZ 1, v0x62c377600140_0, C4<0>, C4<0>, C4<0>;
v0x62c3775e7ef0_0 .net "fifo_rclk", 0 0, L_0x62c37760e6f0;  1 drivers
v0x62c3775e7fb0_0 .net "fifo_rrst", 0 0, L_0x62c37760e7f0;  1 drivers
v0x62c3775e8070_0 .net "fifo_wclk", 0 0, L_0x62c37760e580;  1 drivers
v0x62c3775e81a0_0 .net "fifo_wrst", 0 0, L_0x62c37760e5f0;  1 drivers
S_0x62c3775e19c0 .scope module, "FIFO_CROSSPOINT" "top_fifo" 4 124, 6 3 0, S_0x62c3775e1770;
 .timescale -9 -12;
    .port_info 0 /INPUT 1 "wclk";
    .port_info 1 /INPUT 1 "wrst_n";
    .port_info 2 /INPUT 1 "winc";
    .port_info 3 /INPUT 64 "wdata";
    .port_info 4 /OUTPUT 1 "wfull";
    .port_info 5 /INPUT 1 "rclk";
    .port_info 6 /INPUT 1 "rrst_n";
    .port_info 7 /INPUT 1 "rinc";
    .port_info 8 /OUTPUT 64 "rdata";
    .port_info 9 /OUTPUT 1 "rempty";
P_0x62c3775e1ba0 .param/l "ASIZE" 0 6 5, +C4<00000000000000000000000000000101>;
P_0x62c3775e1be0 .param/l "DSIZE" 0 6 4, +C4<00000000000000000000000001000000>;
v0x62c3775e6f10_0 .net "raddr", 4 0, L_0x62c37760f9a0;  1 drivers
v0x62c3775e7040_0 .net "rclk", 0 0, L_0x62c37760e6f0;  alias, 1 drivers
v0x62c3775e7150_0 .net "rdata", 63 0, L_0x62c37760ea60;  alias, 1 drivers
v0x62c3775e71f0_0 .net "rempty", 0 0, v0x62c3775e3d50_0;  alias, 1 drivers
v0x62c3775e72c0_0 .net "rinc", 0 0, v0x62c3775f7310_0;  alias, 1 drivers
v0x62c3775e73b0_0 .net "rptr", 5 0, v0x62c3775e4180_0;  1 drivers
v0x62c3775e74a0_0 .net "rq2_wptr", 5 0, v0x62c3775e5210_0;  1 drivers
v0x62c3775e7590_0 .net "rrst_n", 0 0, L_0x62c37760e7f0;  alias, 1 drivers
v0x62c3775e7680_0 .net "waddr", 4 0, L_0x62c37760eb60;  1 drivers
v0x62c3775e7720_0 .net "wclk", 0 0, L_0x62c37760e580;  alias, 1 drivers
v0x62c3775e77c0_0 .net "wdata", 63 0, L_0x62c377613780;  alias, 1 drivers
v0x62c3775e7860_0 .net "wfull", 0 0, v0x62c3775e68d0_0;  alias, 1 drivers
v0x62c3775e7950_0 .net "winc", 0 0, v0x62c3775f3380_0;  alias, 1 drivers
v0x62c3775e7a40_0 .net "wptr", 5 0, v0x62c3775e6bc0_0;  1 drivers
v0x62c3775e7b50_0 .net "wq2_rptr", 5 0, v0x62c3775e4af0_0;  1 drivers
v0x62c3775e7c60_0 .net "wrst_n", 0 0, L_0x62c37760e5f0;  alias, 1 drivers
S_0x62c3775e1e60 .scope module, "fifomem_inst" "fifo" 6 31, 7 3 0, S_0x62c3775e19c0;
 .timescale -9 -12;
    .port_info 0 /INPUT 1 "wclk";
    .port_info 1 /INPUT 1 "wclken";
    .port_info 2 /INPUT 1 "wfull";
    .port_info 3 /INPUT 5 "waddr";
    .port_info 4 /INPUT 5 "raddr";
    .port_info 5 /INPUT 64 "wdata";
    .port_info 6 /OUTPUT 64 "rdata";
P_0x62c3775e2060 .param/l "ADDRSIZE" 0 7 5, +C4<00000000000000000000000000000101>;
P_0x62c3775e20a0 .param/l "DATASIZE" 0 7 4, +C4<00000000000000000000000001000000>;
P_0x62c3775e20e0 .param/l "DEPTH" 1 7 17, +C4<0000000000000000000000000000000100000>;
L_0x62c37760ea60 .functor BUFZ 64, L_0x62c37760e920, C4<0000000000000000000000000000000000000000000000000000000000000000>, C4<0000000000000000000000000000000000000000000000000000000000000000>, C4<0000000000000000000000000000000000000000000000000000000000000000>;
v0x62c3775e2220_0 .net *"_ivl_0", 63 0, L_0x62c37760e920;  1 drivers
v0x62c3775e2450_0 .net *"_ivl_2", 6 0, L_0x62c37760e9c0;  1 drivers
L_0x7f0b02053e28 .functor BUFT 1, C4<00>, C4<0>, C4<0>, C4<0>;
v0x62c3775e2530_0 .net *"_ivl_5", 1 0, L_0x7f0b02053e28;  1 drivers
v0x62c3775e25f0 .array "mem", 31 0, 63 0;
v0x62c3775e26b0_0 .net "raddr", 4 0, L_0x62c37760f9a0;  alias, 1 drivers
v0x62c3775e27e0_0 .net "rdata", 63 0, L_0x62c37760ea60;  alias, 1 drivers
v0x62c3775e28c0_0 .net "waddr", 4 0, L_0x62c37760eb60;  alias, 1 drivers
v0x62c3775e29a0_0 .net "wclk", 0 0, L_0x62c37760e580;  alias, 1 drivers
v0x62c3775e2a60_0 .net "wclken", 0 0, v0x62c3775f3380_0;  alias, 1 drivers
v0x62c3775e2b20_0 .net "wdata", 63 0, L_0x62c377613780;  alias, 1 drivers
v0x62c3775e2be0_0 .net "wfull", 0 0, v0x62c3775e68d0_0;  alias, 1 drivers
E_0x62c3775e2370 .event posedge, v0x62c3775e29a0_0;
L_0x62c37760e920 .array/port v0x62c3775e25f0, L_0x62c37760e9c0;
L_0x62c37760e9c0 .concat [ 5 2 0 0], L_0x62c37760f9a0, L_0x7f0b02053e28;
S_0x62c3775e2dc0 .scope module, "rptr_empty_inst" "rptr_empty" 6 81, 8 3 0, S_0x62c3775e19c0;
 .timescale -9 -12;
    .port_info 0 /INPUT 1 "rclk";
    .port_info 1 /INPUT 1 "rrst_n";
    .port_info 2 /INPUT 1 "rinc";
    .port_info 3 /INPUT 6 "rq2_wptr";
    .port_info 4 /OUTPUT 1 "rempty";
    .port_info 5 /OUTPUT 5 "raddr";
    .port_info 6 /OUTPUT 6 "rptr";
P_0x62c3775e2fc0 .param/l "ADDRSIZE" 0 8 4, +C4<00000000000000000000000000000101>;
L_0x62c37760fd30 .functor NOT 6, L_0x62c37760fc00, C4<000000>, C4<000000>, C4<000000>;
L_0x62c37760fda0 .functor AND 6, L_0x62c37760fad0, L_0x62c37760fd30, C4<111111>, C4<111111>;
L_0x62c37760ff00 .functor XOR 6, L_0x62c377610130, L_0x62c37760fe60, C4<000000>, C4<000000>;
v0x62c3775e3200_0 .net *"_ivl_10", 5 0, L_0x62c37760fd30;  1 drivers
v0x62c3775e3300_0 .net *"_ivl_12", 5 0, L_0x62c37760fda0;  1 drivers
v0x62c3775e33e0_0 .net *"_ivl_16", 5 0, L_0x62c377610130;  1 drivers
v0x62c3775e34a0_0 .net *"_ivl_18", 4 0, L_0x62c377610040;  1 drivers
v0x62c3775e3580_0 .net *"_ivl_2", 5 0, L_0x62c37760fad0;  1 drivers
L_0x7f0b02053fd8 .functor BUFT 1, C4<0>, C4<0>, C4<0>, C4<0>;
v0x62c3775e36b0_0 .net *"_ivl_20", 0 0, L_0x7f0b02053fd8;  1 drivers
L_0x7f0b02053f48 .functor BUFT 1, C4<00000>, C4<0>, C4<0>, C4<0>;
v0x62c3775e3790_0 .net *"_ivl_5", 4 0, L_0x7f0b02053f48;  1 drivers
v0x62c3775e3870_0 .net *"_ivl_6", 5 0, L_0x62c37760fc00;  1 drivers
L_0x7f0b02053f90 .functor BUFT 1, C4<00000>, C4<0>, C4<0>, C4<0>;
v0x62c3775e3950_0 .net *"_ivl_9", 4 0, L_0x7f0b02053f90;  1 drivers
v0x62c3775e3a30_0 .net "raddr", 4 0, L_0x62c37760f9a0;  alias, 1 drivers
v0x62c3775e3af0_0 .var "rbin", 5 0;
v0x62c3775e3bb0_0 .net "rbinnext", 5 0, L_0x62c37760fe60;  1 drivers
v0x62c3775e3c90_0 .net "rclk", 0 0, L_0x62c37760e6f0;  alias, 1 drivers
v0x62c3775e3d50_0 .var "rempty", 0 0;
v0x62c3775e3e10_0 .net "rempty_val", 0 0, L_0x62c3776102c0;  1 drivers
v0x62c3775e3ed0_0 .net "rgraynext", 5 0, L_0x62c37760ff00;  1 drivers
v0x62c3775e3fb0_0 .net "rinc", 0 0, v0x62c3775f7310_0;  alias, 1 drivers
v0x62c3775e4180_0 .var "rptr", 5 0;
v0x62c3775e4260_0 .net "rq2_wptr", 5 0, v0x62c3775e5210_0;  alias, 1 drivers
v0x62c3775e4340_0 .net "rrst_n", 0 0, L_0x62c37760e7f0;  alias, 1 drivers
E_0x62c3775e31a0/0 .event negedge, v0x62c3775e4340_0;
E_0x62c3775e31a0/1 .event posedge, v0x62c3775e3c90_0;
E_0x62c3775e31a0 .event/or E_0x62c3775e31a0/0, E_0x62c3775e31a0/1;
L_0x62c37760f9a0 .part v0x62c3775e3af0_0, 0, 5;
L_0x62c37760fad0 .concat [ 1 5 0 0], v0x62c3775f7310_0, L_0x7f0b02053f48;
L_0x62c37760fc00 .concat [ 1 5 0 0], v0x62c3775e3d50_0, L_0x7f0b02053f90;
L_0x62c37760fe60 .arith/sum 6, v0x62c3775e3af0_0, L_0x62c37760fda0;
L_0x62c377610040 .part L_0x62c37760fe60, 1, 5;
L_0x62c377610130 .concat [ 5 1 0 0], L_0x62c377610040, L_0x7f0b02053fd8;
L_0x62c3776102c0 .cmp/eq 6, L_0x62c37760ff00, v0x62c3775e5210_0;
S_0x62c3775e4520 .scope module, "sync_r2w_inst" "sync_r2w" 6 45, 9 3 0, S_0x62c3775e19c0;
 .timescale -9 -12;
    .port_info 0 /INPUT 1 "wclk";
    .port_info 1 /INPUT 1 "wrst_n";
    .port_info 2 /INPUT 6 "rptr";
    .port_info 3 /OUTPUT 6 "wq2_rptr";
P_0x62c3775e46b0 .param/l "N" 0 9 4, +C4<000000000000000000000000000000110>;
v0x62c3775e4840_0 .net "rptr", 5 0, v0x62c3775e4180_0;  alias, 1 drivers
v0x62c3775e4950_0 .net "wclk", 0 0, L_0x62c37760e580;  alias, 1 drivers
v0x62c3775e4a20_0 .var "wq1_rptr", 5 0;
v0x62c3775e4af0_0 .var "wq2_rptr", 5 0;
v0x62c3775e4bb0_0 .net "wrst_n", 0 0, L_0x62c37760e5f0;  alias, 1 drivers
E_0x62c3775ded70/0 .event negedge, v0x62c3775e4bb0_0;
E_0x62c3775ded70/1 .event posedge, v0x62c3775e29a0_0;
E_0x62c3775ded70 .event/or E_0x62c3775ded70/0, E_0x62c3775ded70/1;
S_0x62c3775e4d40 .scope module, "sync_w2r_inst" "sync_w2r" 6 56, 10 3 0, S_0x62c3775e19c0;
 .timescale -9 -12;
    .port_info 0 /INPUT 1 "rclk";
    .port_info 1 /INPUT 1 "rrst_n";
    .port_info 2 /INPUT 6 "wptr";
    .port_info 3 /OUTPUT 6 "rq2_wptr";
P_0x62c3775e4f20 .param/l "N" 0 10 4, +C4<000000000000000000000000000000110>;
v0x62c3775e5060_0 .net "rclk", 0 0, L_0x62c37760e6f0;  alias, 1 drivers
v0x62c3775e5150_0 .var "rq1_wptr", 5 0;
v0x62c3775e5210_0 .var "rq2_wptr", 5 0;
v0x62c3775e5310_0 .net "rrst_n", 0 0, L_0x62c37760e7f0;  alias, 1 drivers
v0x62c3775e53e0_0 .net "wptr", 5 0, v0x62c3775e6bc0_0;  alias, 1 drivers
S_0x62c3775e5550 .scope module, "wptr_full_inst" "wptr_full" 6 67, 11 3 0, S_0x62c3775e19c0;
 .timescale -9 -12;
    .port_info 0 /INPUT 1 "wclk";
    .port_info 1 /INPUT 1 "wrst_n";
    .port_info 2 /INPUT 1 "winc";
    .port_info 3 /INPUT 6 "wq2_rptr";
    .port_info 4 /OUTPUT 1 "wfull";
    .port_info 5 /OUTPUT 5 "waddr";
    .port_info 6 /OUTPUT 6 "wptr";
P_0x62c3775e5780 .param/l "ADDRSIZE" 0 11 4, +C4<00000000000000000000000000000101>;
L_0x62c37760ed90 .functor NOT 6, L_0x62c37760eca0, C4<000000>, C4<000000>, C4<000000>;
L_0x62c37760ee50 .functor AND 6, L_0x62c37760ec00, L_0x62c37760ed90, C4<111111>, C4<111111>;
L_0x62c37760f000 .functor XOR 6, L_0x62c37760f230, L_0x62c37760ef60, C4<000000>, C4<000000>;
L_0x62c37760f4a0 .functor NOT 2, L_0x62c37760f400, C4<00>, C4<00>, C4<00>;
v0x62c3775e5910_0 .net *"_ivl_10", 5 0, L_0x62c37760ed90;  1 drivers
v0x62c3775e5a10_0 .net *"_ivl_12", 5 0, L_0x62c37760ee50;  1 drivers
v0x62c3775e5af0_0 .net *"_ivl_16", 5 0, L_0x62c37760f230;  1 drivers
v0x62c3775e5bb0_0 .net *"_ivl_18", 4 0, L_0x62c37760f140;  1 drivers
v0x62c3775e5c90_0 .net *"_ivl_2", 5 0, L_0x62c37760ec00;  1 drivers
L_0x7f0b02053f00 .functor BUFT 1, C4<0>, C4<0>, C4<0>, C4<0>;
v0x62c3775e5dc0_0 .net *"_ivl_20", 0 0, L_0x7f0b02053f00;  1 drivers
v0x62c3775e5ea0_0 .net *"_ivl_25", 1 0, L_0x62c37760f400;  1 drivers
v0x62c3775e5f80_0 .net *"_ivl_26", 1 0, L_0x62c37760f4a0;  1 drivers
v0x62c3775e6060_0 .net *"_ivl_29", 3 0, L_0x62c37760f590;  1 drivers
v0x62c3775e6140_0 .net *"_ivl_30", 5 0, L_0x62c37760f710;  1 drivers
L_0x7f0b02053e70 .functor BUFT 1, C4<00000>, C4<0>, C4<0>, C4<0>;
v0x62c3775e6220_0 .net *"_ivl_5", 4 0, L_0x7f0b02053e70;  1 drivers
v0x62c3775e6300_0 .net *"_ivl_6", 5 0, L_0x62c37760eca0;  1 drivers
L_0x7f0b02053eb8 .functor BUFT 1, C4<00000>, C4<0>, C4<0>, C4<0>;
v0x62c3775e63e0_0 .net *"_ivl_9", 4 0, L_0x7f0b02053eb8;  1 drivers
v0x62c3775e64c0_0 .net "waddr", 4 0, L_0x62c37760eb60;  alias, 1 drivers
v0x62c3775e6580_0 .var "wbin", 5 0;
v0x62c3775e6640_0 .net "wbinnext", 5 0, L_0x62c37760ef60;  1 drivers
v0x62c3775e6720_0 .net "wclk", 0 0, L_0x62c37760e580;  alias, 1 drivers
v0x62c3775e68d0_0 .var "wfull", 0 0;
v0x62c3775e6970_0 .net "wfull_val", 0 0, L_0x62c37760f800;  1 drivers
v0x62c3775e6a10_0 .net "wgraynext", 5 0, L_0x62c37760f000;  1 drivers
v0x62c3775e6af0_0 .net "winc", 0 0, v0x62c3775f3380_0;  alias, 1 drivers
v0x62c3775e6bc0_0 .var "wptr", 5 0;
v0x62c3775e6c90_0 .net "wq2_rptr", 5 0, v0x62c3775e4af0_0;  alias, 1 drivers
v0x62c3775e6d60_0 .net "wrst_n", 0 0, L_0x62c37760e5f0;  alias, 1 drivers
L_0x62c37760eb60 .part v0x62c3775e6580_0, 0, 5;
L_0x62c37760ec00 .concat [ 1 5 0 0], v0x62c3775f3380_0, L_0x7f0b02053e70;
L_0x62c37760eca0 .concat [ 1 5 0 0], v0x62c3775e68d0_0, L_0x7f0b02053eb8;
L_0x62c37760ef60 .arith/sum 6, v0x62c3775e6580_0, L_0x62c37760ee50;
L_0x62c37760f140 .part L_0x62c37760ef60, 1, 5;
L_0x62c37760f230 .concat [ 5 1 0 0], L_0x62c37760f140, L_0x7f0b02053f00;
L_0x62c37760f400 .part v0x62c3775e4af0_0, 4, 2;
L_0x62c37760f590 .part v0x62c3775e4af0_0, 0, 4;
L_0x62c37760f710 .concat [ 4 2 0 0], L_0x62c37760f590, L_0x62c37760f4a0;
L_0x62c37760f800 .cmp/eq 6, L_0x62c37760f000, L_0x62c37760f710;
S_0x62c3775e8240 .scope generate, "GEN_OUT[2]" "GEN_OUT[2]" 4 111, 4 111 0, S_0x62c3775daa10;
 .timescale -9 -12;
P_0x62c3775e83d0 .param/l "out_idx" 0 4 111, +C4<010>;
L_0x62c3776103b0 .functor BUFZ 1, v0x62c3775fda00_0, C4<0>, C4<0>, C4<0>;
L_0x62c3776104b0 .functor BUFZ 1, v0x62c377600000_0, C4<0>, C4<0>, C4<0>;
L_0x62c377610640 .functor BUFZ 1, v0x62c3775fdbe0_0, C4<0>, C4<0>, C4<0>;
L_0x62c377610740 .functor BUFZ 1, v0x62c377600230_0, C4<0>, C4<0>, C4<0>;
v0x62c3775ee9c0_0 .net "fifo_rclk", 0 0, L_0x62c377610640;  1 drivers
v0x62c3775eea80_0 .net "fifo_rrst", 0 0, L_0x62c377610740;  1 drivers
v0x62c3775eeb40_0 .net "fifo_wclk", 0 0, L_0x62c3776103b0;  1 drivers
v0x62c3775eec70_0 .net "fifo_wrst", 0 0, L_0x62c3776104b0;  1 drivers
S_0x62c3775e8470 .scope module, "FIFO_CROSSPOINT" "top_fifo" 4 124, 6 3 0, S_0x62c3775e8240;
 .timescale -9 -12;
    .port_info 0 /INPUT 1 "wclk";
    .port_info 1 /INPUT 1 "wrst_n";
    .port_info 2 /INPUT 1 "winc";
    .port_info 3 /INPUT 64 "wdata";
    .port_info 4 /OUTPUT 1 "wfull";
    .port_info 5 /INPUT 1 "rclk";
    .port_info 6 /INPUT 1 "rrst_n";
    .port_info 7 /INPUT 1 "rinc";
    .port_info 8 /OUTPUT 64 "rdata";
    .port_info 9 /OUTPUT 1 "rempty";
P_0x62c3775e8650 .param/l "ASIZE" 0 6 5, +C4<00000000000000000000000000000101>;
P_0x62c3775e8690 .param/l "DSIZE" 0 6 4, +C4<00000000000000000000000001000000>;
v0x62c3775ed9e0_0 .net "raddr", 4 0, L_0x62c377611850;  1 drivers
v0x62c3775edb10_0 .net "rclk", 0 0, L_0x62c377610640;  alias, 1 drivers
v0x62c3775edc20_0 .net "rdata", 63 0, L_0x62c3776109b0;  alias, 1 drivers
v0x62c3775edcc0_0 .net "rempty", 0 0, v0x62c3775ea7f0_0;  alias, 1 drivers
v0x62c3775edd90_0 .net "rinc", 0 0, v0x62c3775f94d0_0;  alias, 1 drivers
v0x62c3775ede80_0 .net "rptr", 5 0, v0x62c3775eac20_0;  1 drivers
v0x62c3775edf70_0 .net "rq2_wptr", 5 0, v0x62c3775ebce0_0;  1 drivers
v0x62c3775ee060_0 .net "rrst_n", 0 0, L_0x62c377610740;  alias, 1 drivers
v0x62c3775ee150_0 .net "waddr", 4 0, L_0x62c377610ab0;  1 drivers
v0x62c3775ee1f0_0 .net "wclk", 0 0, L_0x62c3776103b0;  alias, 1 drivers
v0x62c3775ee290_0 .net "wdata", 63 0, L_0x62c377613780;  alias, 1 drivers
v0x62c3775ee330_0 .net "wfull", 0 0, v0x62c3775ed3a0_0;  alias, 1 drivers
v0x62c3775ee420_0 .net "winc", 0 0, v0x62c3775f3420_0;  alias, 1 drivers
v0x62c3775ee510_0 .net "wptr", 5 0, v0x62c3775ed690_0;  1 drivers
v0x62c3775ee620_0 .net "wq2_rptr", 5 0, v0x62c3775eb5c0_0;  1 drivers
v0x62c3775ee730_0 .net "wrst_n", 0 0, L_0x62c3776104b0;  alias, 1 drivers
S_0x62c3775e8910 .scope module, "fifomem_inst" "fifo" 6 31, 7 3 0, S_0x62c3775e8470;
 .timescale -9 -12;
    .port_info 0 /INPUT 1 "wclk";
    .port_info 1 /INPUT 1 "wclken";
    .port_info 2 /INPUT 1 "wfull";
    .port_info 3 /INPUT 5 "waddr";
    .port_info 4 /INPUT 5 "raddr";
    .port_info 5 /INPUT 64 "wdata";
    .port_info 6 /OUTPUT 64 "rdata";
P_0x62c3775e8b10 .param/l "ADDRSIZE" 0 7 5, +C4<00000000000000000000000000000101>;
P_0x62c3775e8b50 .param/l "DATASIZE" 0 7 4, +C4<00000000000000000000000001000000>;
P_0x62c3775e8b90 .param/l "DEPTH" 1 7 17, +C4<0000000000000000000000000000000100000>;
L_0x62c3776109b0 .functor BUFZ 64, L_0x62c377610870, C4<0000000000000000000000000000000000000000000000000000000000000000>, C4<0000000000000000000000000000000000000000000000000000000000000000>, C4<0000000000000000000000000000000000000000000000000000000000000000>;
v0x62c3775e8cd0_0 .net *"_ivl_0", 63 0, L_0x62c377610870;  1 drivers
v0x62c3775e8f00_0 .net *"_ivl_2", 6 0, L_0x62c377610910;  1 drivers
L_0x7f0b02054020 .functor BUFT 1, C4<00>, C4<0>, C4<0>, C4<0>;
v0x62c3775e8fe0_0 .net *"_ivl_5", 1 0, L_0x7f0b02054020;  1 drivers
v0x62c3775e90a0 .array "mem", 31 0, 63 0;
v0x62c3775e9160_0 .net "raddr", 4 0, L_0x62c377611850;  alias, 1 drivers
v0x62c3775e9290_0 .net "rdata", 63 0, L_0x62c3776109b0;  alias, 1 drivers
v0x62c3775e9370_0 .net "waddr", 4 0, L_0x62c377610ab0;  alias, 1 drivers
v0x62c3775e9450_0 .net "wclk", 0 0, L_0x62c3776103b0;  alias, 1 drivers
v0x62c3775e9510_0 .net "wclken", 0 0, v0x62c3775f3420_0;  alias, 1 drivers
v0x62c3775e95d0_0 .net "wdata", 63 0, L_0x62c377613780;  alias, 1 drivers
v0x62c3775e9720_0 .net "wfull", 0 0, v0x62c3775ed3a0_0;  alias, 1 drivers
E_0x62c3775e8e20 .event posedge, v0x62c3775e9450_0;
L_0x62c377610870 .array/port v0x62c3775e90a0, L_0x62c377610910;
L_0x62c377610910 .concat [ 5 2 0 0], L_0x62c377611850, L_0x7f0b02054020;
S_0x62c3775e9900 .scope module, "rptr_empty_inst" "rptr_empty" 6 81, 8 3 0, S_0x62c3775e8470;
 .timescale -9 -12;
    .port_info 0 /INPUT 1 "rclk";
    .port_info 1 /INPUT 1 "rrst_n";
    .port_info 2 /INPUT 1 "rinc";
    .port_info 3 /INPUT 6 "rq2_wptr";
    .port_info 4 /OUTPUT 1 "rempty";
    .port_info 5 /OUTPUT 5 "raddr";
    .port_info 6 /OUTPUT 6 "rptr";
P_0x62c3775e9200 .param/l "ADDRSIZE" 0 8 4, +C4<00000000000000000000000000000101>;
L_0x62c377611be0 .functor NOT 6, L_0x62c377611ab0, C4<000000>, C4<000000>, C4<000000>;
L_0x62c377611c50 .functor AND 6, L_0x62c377611980, L_0x62c377611be0, C4<111111>, C4<111111>;
L_0x62c377611db0 .functor XOR 6, L_0x62c377611fe0, L_0x62c377611d10, C4<000000>, C4<000000>;
v0x62c3775e9ca0_0 .net *"_ivl_10", 5 0, L_0x62c377611be0;  1 drivers
v0x62c3775e9da0_0 .net *"_ivl_12", 5 0, L_0x62c377611c50;  1 drivers
v0x62c3775e9e80_0 .net *"_ivl_16", 5 0, L_0x62c377611fe0;  1 drivers
v0x62c3775e9f40_0 .net *"_ivl_18", 4 0, L_0x62c377611ef0;  1 drivers
v0x62c3775ea020_0 .net *"_ivl_2", 5 0, L_0x62c377611980;  1 drivers
L_0x7f0b020541d0 .functor BUFT 1, C4<0>, C4<0>, C4<0>, C4<0>;
v0x62c3775ea150_0 .net *"_ivl_20", 0 0, L_0x7f0b020541d0;  1 drivers
L_0x7f0b02054140 .functor BUFT 1, C4<00000>, C4<0>, C4<0>, C4<0>;
v0x62c3775ea230_0 .net *"_ivl_5", 4 0, L_0x7f0b02054140;  1 drivers
v0x62c3775ea310_0 .net *"_ivl_6", 5 0, L_0x62c377611ab0;  1 drivers
L_0x7f0b02054188 .functor BUFT 1, C4<00000>, C4<0>, C4<0>, C4<0>;
v0x62c3775ea3f0_0 .net *"_ivl_9", 4 0, L_0x7f0b02054188;  1 drivers
v0x62c3775ea4d0_0 .net "raddr", 4 0, L_0x62c377611850;  alias, 1 drivers
v0x62c3775ea590_0 .var "rbin", 5 0;
v0x62c3775ea650_0 .net "rbinnext", 5 0, L_0x62c377611d10;  1 drivers
v0x62c3775ea730_0 .net "rclk", 0 0, L_0x62c377610640;  alias, 1 drivers
v0x62c3775ea7f0_0 .var "rempty", 0 0;
v0x62c3775ea8b0_0 .net "rempty_val", 0 0, L_0x62c377612170;  1 drivers
v0x62c3775ea970_0 .net "rgraynext", 5 0, L_0x62c377611db0;  1 drivers
v0x62c3775eaa50_0 .net "rinc", 0 0, v0x62c3775f94d0_0;  alias, 1 drivers
v0x62c3775eac20_0 .var "rptr", 5 0;
v0x62c3775ead00_0 .net "rq2_wptr", 5 0, v0x62c3775ebce0_0;  alias, 1 drivers
v0x62c3775eade0_0 .net "rrst_n", 0 0, L_0x62c377610740;  alias, 1 drivers
E_0x62c3775e9c40/0 .event negedge, v0x62c3775eade0_0;
E_0x62c3775e9c40/1 .event posedge, v0x62c3775ea730_0;
E_0x62c3775e9c40 .event/or E_0x62c3775e9c40/0, E_0x62c3775e9c40/1;
L_0x62c377611850 .part v0x62c3775ea590_0, 0, 5;
L_0x62c377611980 .concat [ 1 5 0 0], v0x62c3775f94d0_0, L_0x7f0b02054140;
L_0x62c377611ab0 .concat [ 1 5 0 0], v0x62c3775ea7f0_0, L_0x7f0b02054188;
L_0x62c377611d10 .arith/sum 6, v0x62c3775ea590_0, L_0x62c377611c50;
L_0x62c377611ef0 .part L_0x62c377611d10, 1, 5;
L_0x62c377611fe0 .concat [ 5 1 0 0], L_0x62c377611ef0, L_0x7f0b020541d0;
L_0x62c377612170 .cmp/eq 6, L_0x62c377611db0, v0x62c3775ebce0_0;
S_0x62c3775eafc0 .scope module, "sync_r2w_inst" "sync_r2w" 6 45, 9 3 0, S_0x62c3775e8470;
 .timescale -9 -12;
    .port_info 0 /INPUT 1 "wclk";
    .port_info 1 /INPUT 1 "wrst_n";
    .port_info 2 /INPUT 6 "rptr";
    .port_info 3 /OUTPUT 6 "wq2_rptr";
P_0x62c3775eb180 .param/l "N" 0 9 4, +C4<000000000000000000000000000000110>;
v0x62c3775eb310_0 .net "rptr", 5 0, v0x62c3775eac20_0;  alias, 1 drivers
v0x62c3775eb420_0 .net "wclk", 0 0, L_0x62c3776103b0;  alias, 1 drivers
v0x62c3775eb4f0_0 .var "wq1_rptr", 5 0;
v0x62c3775eb5c0_0 .var "wq2_rptr", 5 0;
v0x62c3775eb680_0 .net "wrst_n", 0 0, L_0x62c3776104b0;  alias, 1 drivers
E_0x62c3775e5820/0 .event negedge, v0x62c3775eb680_0;
E_0x62c3775e5820/1 .event posedge, v0x62c3775e9450_0;
E_0x62c3775e5820 .event/or E_0x62c3775e5820/0, E_0x62c3775e5820/1;
S_0x62c3775eb810 .scope module, "sync_w2r_inst" "sync_w2r" 6 56, 10 3 0, S_0x62c3775e8470;
 .timescale -9 -12;
    .port_info 0 /INPUT 1 "rclk";
    .port_info 1 /INPUT 1 "rrst_n";
    .port_info 2 /INPUT 6 "wptr";
    .port_info 3 /OUTPUT 6 "rq2_wptr";
P_0x62c3775eb9f0 .param/l "N" 0 10 4, +C4<000000000000000000000000000000110>;
v0x62c3775ebb30_0 .net "rclk", 0 0, L_0x62c377610640;  alias, 1 drivers
v0x62c3775ebc20_0 .var "rq1_wptr", 5 0;
v0x62c3775ebce0_0 .var "rq2_wptr", 5 0;
v0x62c3775ebde0_0 .net "rrst_n", 0 0, L_0x62c377610740;  alias, 1 drivers
v0x62c3775ebeb0_0 .net "wptr", 5 0, v0x62c3775ed690_0;  alias, 1 drivers
S_0x62c3775ec020 .scope module, "wptr_full_inst" "wptr_full" 6 67, 11 3 0, S_0x62c3775e8470;
 .timescale -9 -12;
    .port_info 0 /INPUT 1 "wclk";
    .port_info 1 /INPUT 1 "wrst_n";
    .port_info 2 /INPUT 1 "winc";
    .port_info 3 /INPUT 6 "wq2_rptr";
    .port_info 4 /OUTPUT 1 "wfull";
    .port_info 5 /OUTPUT 5 "waddr";
    .port_info 6 /OUTPUT 6 "wptr";
P_0x62c3775ec250 .param/l "ADDRSIZE" 0 11 4, +C4<00000000000000000000000000000101>;
L_0x62c377610c90 .functor NOT 6, L_0x62c377610bf0, C4<000000>, C4<000000>, C4<000000>;
L_0x62c377610d00 .functor AND 6, L_0x62c377610b50, L_0x62c377610c90, C4<111111>, C4<111111>;
L_0x62c377610eb0 .functor XOR 6, L_0x62c3776110e0, L_0x62c377610e10, C4<000000>, C4<000000>;
L_0x62c377611350 .functor NOT 2, L_0x62c3776112b0, C4<00>, C4<00>, C4<00>;
v0x62c3775ec3e0_0 .net *"_ivl_10", 5 0, L_0x62c377610c90;  1 drivers
v0x62c3775ec4e0_0 .net *"_ivl_12", 5 0, L_0x62c377610d00;  1 drivers
v0x62c3775ec5c0_0 .net *"_ivl_16", 5 0, L_0x62c3776110e0;  1 drivers
v0x62c3775ec680_0 .net *"_ivl_18", 4 0, L_0x62c377610ff0;  1 drivers
v0x62c3775ec760_0 .net *"_ivl_2", 5 0, L_0x62c377610b50;  1 drivers
L_0x7f0b020540f8 .functor BUFT 1, C4<0>, C4<0>, C4<0>, C4<0>;
v0x62c3775ec890_0 .net *"_ivl_20", 0 0, L_0x7f0b020540f8;  1 drivers
v0x62c3775ec970_0 .net *"_ivl_25", 1 0, L_0x62c3776112b0;  1 drivers
v0x62c3775eca50_0 .net *"_ivl_26", 1 0, L_0x62c377611350;  1 drivers
v0x62c3775ecb30_0 .net *"_ivl_29", 3 0, L_0x62c377611440;  1 drivers
v0x62c3775ecc10_0 .net *"_ivl_30", 5 0, L_0x62c3776115c0;  1 drivers
L_0x7f0b02054068 .functor BUFT 1, C4<00000>, C4<0>, C4<0>, C4<0>;
v0x62c3775eccf0_0 .net *"_ivl_5", 4 0, L_0x7f0b02054068;  1 drivers
v0x62c3775ecdd0_0 .net *"_ivl_6", 5 0, L_0x62c377610bf0;  1 drivers
L_0x7f0b020540b0 .functor BUFT 1, C4<00000>, C4<0>, C4<0>, C4<0>;
v0x62c3775eceb0_0 .net *"_ivl_9", 4 0, L_0x7f0b020540b0;  1 drivers
v0x62c3775ecf90_0 .net "waddr", 4 0, L_0x62c377610ab0;  alias, 1 drivers
v0x62c3775ed050_0 .var "wbin", 5 0;
v0x62c3775ed110_0 .net "wbinnext", 5 0, L_0x62c377610e10;  1 drivers
v0x62c3775ed1f0_0 .net "wclk", 0 0, L_0x62c3776103b0;  alias, 1 drivers
v0x62c3775ed3a0_0 .var "wfull", 0 0;
v0x62c3775ed440_0 .net "wfull_val", 0 0, L_0x62c3776116b0;  1 drivers
v0x62c3775ed4e0_0 .net "wgraynext", 5 0, L_0x62c377610eb0;  1 drivers
v0x62c3775ed5c0_0 .net "winc", 0 0, v0x62c3775f3420_0;  alias, 1 drivers
v0x62c3775ed690_0 .var "wptr", 5 0;
v0x62c3775ed760_0 .net "wq2_rptr", 5 0, v0x62c3775eb5c0_0;  alias, 1 drivers
v0x62c3775ed830_0 .net "wrst_n", 0 0, L_0x62c3776104b0;  alias, 1 drivers
L_0x62c377610ab0 .part v0x62c3775ed050_0, 0, 5;
L_0x62c377610b50 .concat [ 1 5 0 0], v0x62c3775f3420_0, L_0x7f0b02054068;
L_0x62c377610bf0 .concat [ 1 5 0 0], v0x62c3775ed3a0_0, L_0x7f0b020540b0;
L_0x62c377610e10 .arith/sum 6, v0x62c3775ed050_0, L_0x62c377610d00;
L_0x62c377610ff0 .part L_0x62c377610e10, 1, 5;
L_0x62c3776110e0 .concat [ 5 1 0 0], L_0x62c377610ff0, L_0x7f0b020540f8;
L_0x62c3776112b0 .part v0x62c3775eb5c0_0, 4, 2;
L_0x62c377611440 .part v0x62c3775eb5c0_0, 0, 4;
L_0x62c3776115c0 .concat [ 4 2 0 0], L_0x62c377611440, L_0x62c377611350;
L_0x62c3776116b0 .cmp/eq 6, L_0x62c377610eb0, L_0x62c3776115c0;
S_0x62c3775eed10 .scope module, "IN_PORT_0" "input_port_3by3" 4 84, 12 3 0, S_0x62c377551b60;
 .timescale -9 -12;
    .port_info 0 /INPUT 64 "data_in";
    .port_info 1 /INPUT 1 "valid_in";
    .port_info 2 /INPUT 2 "dest_in";
    .port_info 3 /OUTPUT 1 "ready_out";
    .port_info 4 /OUTPUT 1 "winc_0";
    .port_info 5 /OUTPUT 1 "winc_1";
    .port_info 6 /OUTPUT 1 "winc_2";
    .port_info 7 /OUTPUT 64 "wdata";
    .port_info 8 /INPUT 1 "wfull_0";
    .port_info 9 /INPUT 1 "wfull_1";
    .port_info 10 /INPUT 1 "wfull_2";
P_0x62c3775eeea0 .param/l "DATA_WIDTH" 0 12 4, +C4<00000000000000000000000001000000>;
L_0x62c377612260 .functor BUFZ 64, v0x62c3775fe6f0_0, C4<0000000000000000000000000000000000000000000000000000000000000000>, C4<0000000000000000000000000000000000000000000000000000000000000000>, C4<0000000000000000000000000000000000000000000000000000000000000000>;
v0x62c3775ef0e0_0 .net *"_ivl_10", 0 0, L_0x62c377612460;  1 drivers
v0x62c3775ef1a0_0 .net *"_ivl_13", 0 0, L_0x62c377612500;  1 drivers
L_0x7f0b020542a8 .functor BUFT 1, C4<10>, C4<0>, C4<0>, C4<0>;
v0x62c3775ef260_0 .net/2u *"_ivl_14", 1 0, L_0x7f0b020542a8;  1 drivers
v0x62c3775ef320_0 .net *"_ivl_16", 0 0, L_0x62c3776125d0;  1 drivers
v0x62c3775ef3e0_0 .net *"_ivl_19", 0 0, L_0x62c3776126c0;  1 drivers
L_0x7f0b02054218 .functor BUFT 1, C4<00>, C4<0>, C4<0>, C4<0>;
v0x62c3775ef4f0_0 .net/2u *"_ivl_2", 1 0, L_0x7f0b02054218;  1 drivers
L_0x7f0b020542f0 .functor BUFT 1, C4<0>, C4<0>, C4<0>, C4<0>;
v0x62c3775ef5d0_0 .net/2u *"_ivl_20", 0 0, L_0x7f0b020542f0;  1 drivers
v0x62c3775ef6b0_0 .net *"_ivl_22", 0 0, L_0x62c3776127a0;  1 drivers
v0x62c3775ef790_0 .net *"_ivl_24", 0 0, L_0x62c377612930;  1 drivers
v0x62c3775ef870_0 .net *"_ivl_4", 0 0, L_0x62c3776122d0;  1 drivers
v0x62c3775ef930_0 .net *"_ivl_7", 0 0, L_0x62c3776123c0;  1 drivers
L_0x7f0b02054260 .functor BUFT 1, C4<01>, C4<0>, C4<0>, C4<0>;
v0x62c3775ef9f0_0 .net/2u *"_ivl_8", 1 0, L_0x7f0b02054260;  1 drivers
v0x62c3775efad0_0 .net "data_in", 63 0, v0x62c3775fe6f0_0;  alias, 1 drivers
v0x62c3775efbb0_0 .net "dest_in", 1 0, v0x62c3775fe870_0;  alias, 1 drivers
v0x62c3775efc90_0 .net "ready_out", 0 0, L_0x62c377612b10;  alias, 1 drivers
v0x62c3775efd50_0 .net "valid_in", 0 0, v0x62c3775fea70_0;  alias, 1 drivers
v0x62c3775efe10_0 .net "wdata", 63 0, L_0x62c377612260;  alias, 1 drivers
v0x62c3775effe0_0 .net "wfull_0", 0 0, v0x62c377457b80_0;  alias, 1 drivers
v0x62c3775f0080_0 .net "wfull_1", 0 0, v0x62c3775be400_0;  alias, 1 drivers
v0x62c3775f0120_0 .net "wfull_2", 0 0, v0x62c3775c4df0_0;  alias, 1 drivers
v0x62c3775f01c0_0 .var "winc_0", 0 0;
v0x62c3775f0260_0 .var "winc_1", 0 0;
v0x62c3775f0300_0 .var "winc_2", 0 0;
E_0x62c3775ec2f0/0 .event edge, v0x62c3775efd50_0, v0x62c3775efbb0_0, v0x62c3774f07b0_0, v0x62c3775ba7f0_0;
E_0x62c3775ec2f0/1 .event edge, v0x62c3775c1250_0;
E_0x62c3775ec2f0 .event/or E_0x62c3775ec2f0/0, E_0x62c3775ec2f0/1;
L_0x62c3776122d0 .cmp/eq 2, v0x62c3775fe870_0, L_0x7f0b02054218;
L_0x62c3776123c0 .reduce/nor v0x62c377457b80_0;
L_0x62c377612460 .cmp/eq 2, v0x62c3775fe870_0, L_0x7f0b02054260;
L_0x62c377612500 .reduce/nor v0x62c3775be400_0;
L_0x62c3776125d0 .cmp/eq 2, v0x62c3775fe870_0, L_0x7f0b020542a8;
L_0x62c3776126c0 .reduce/nor v0x62c3775c4df0_0;
L_0x62c3776127a0 .functor MUXZ 1, L_0x7f0b020542f0, L_0x62c3776126c0, L_0x62c3776125d0, C4<>;
L_0x62c377612930 .functor MUXZ 1, L_0x62c3776127a0, L_0x62c377612500, L_0x62c377612460, C4<>;
L_0x62c377612b10 .functor MUXZ 1, L_0x62c377612930, L_0x62c3776123c0, L_0x62c3776122d0, C4<>;
S_0x62c3775f0560 .scope module, "IN_PORT_1" "input_port_3by3" 4 91, 12 3 0, S_0x62c377551b60;
 .timescale -9 -12;
    .port_info 0 /INPUT 64 "data_in";
    .port_info 1 /INPUT 1 "valid_in";
    .port_info 2 /INPUT 2 "dest_in";
    .port_info 3 /OUTPUT 1 "ready_out";
    .port_info 4 /OUTPUT 1 "winc_0";
    .port_info 5 /OUTPUT 1 "winc_1";
    .port_info 6 /OUTPUT 1 "winc_2";
    .port_info 7 /OUTPUT 64 "wdata";
    .port_info 8 /INPUT 1 "wfull_0";
    .port_info 9 /INPUT 1 "wfull_1";
    .port_info 10 /INPUT 1 "wfull_2";
P_0x62c3775f06f0 .param/l "DATA_WIDTH" 0 12 4, +C4<00000000000000000000000001000000>;
L_0x62c377612ca0 .functor BUFZ 64, v0x62c3775fec50_0, C4<0000000000000000000000000000000000000000000000000000000000000000>, C4<0000000000000000000000000000000000000000000000000000000000000000>, C4<0000000000000000000000000000000000000000000000000000000000000000>;
v0x62c3775f0930_0 .net *"_ivl_10", 0 0, L_0x62c377612fb0;  1 drivers
v0x62c3775f0a10_0 .net *"_ivl_13", 0 0, L_0x62c377613050;  1 drivers
L_0x7f0b020543c8 .functor BUFT 1, C4<10>, C4<0>, C4<0>, C4<0>;
v0x62c3775f0ad0_0 .net/2u *"_ivl_14", 1 0, L_0x7f0b020543c8;  1 drivers
v0x62c3775f0b90_0 .net *"_ivl_16", 0 0, L_0x62c3776130f0;  1 drivers
v0x62c3775f0c50_0 .net *"_ivl_19", 0 0, L_0x62c3776131e0;  1 drivers
L_0x7f0b02054338 .functor BUFT 1, C4<00>, C4<0>, C4<0>, C4<0>;
v0x62c3775f0d60_0 .net/2u *"_ivl_2", 1 0, L_0x7f0b02054338;  1 drivers
L_0x7f0b02054410 .functor BUFT 1, C4<0>, C4<0>, C4<0>, C4<0>;
v0x62c3775f0e40_0 .net/2u *"_ivl_20", 0 0, L_0x7f0b02054410;  1 drivers
v0x62c3775f0f20_0 .net *"_ivl_22", 0 0, L_0x62c377613280;  1 drivers
v0x62c3775f1000_0 .net *"_ivl_24", 0 0, L_0x62c377613410;  1 drivers
v0x62c3775f10e0_0 .net *"_ivl_4", 0 0, L_0x62c377612e20;  1 drivers
v0x62c3775f11a0_0 .net *"_ivl_7", 0 0, L_0x62c377612f10;  1 drivers
L_0x7f0b02054380 .functor BUFT 1, C4<01>, C4<0>, C4<0>, C4<0>;
v0x62c3775f1260_0 .net/2u *"_ivl_8", 1 0, L_0x7f0b02054380;  1 drivers
v0x62c3775f1340_0 .net "data_in", 63 0, v0x62c3775fec50_0;  alias, 1 drivers
v0x62c3775f1420_0 .net "dest_in", 1 0, v0x62c3775fee70_0;  alias, 1 drivers
v0x62c3775f1500_0 .net "ready_out", 0 0, L_0x62c3776135f0;  alias, 1 drivers
v0x62c3775f15c0_0 .net "valid_in", 0 0, v0x62c3775ff160_0;  alias, 1 drivers
v0x62c3775f1680_0 .net "wdata", 63 0, L_0x62c377612ca0;  alias, 1 drivers
v0x62c3775f1850_0 .net "wfull_0", 0 0, v0x62c3775cbb20_0;  alias, 1 drivers
v0x62c3775f18f0_0 .net "wfull_1", 0 0, v0x62c3775d25d0_0;  alias, 1 drivers
v0x62c3775f1990_0 .net "wfull_2", 0 0, v0x62c3775d90a0_0;  alias, 1 drivers
v0x62c3775f1a30_0 .var "winc_0", 0 0;
v0x62c3775f1ad0_0 .var "winc_1", 0 0;
v0x62c3775f1b70_0 .var "winc_2", 0 0;
E_0x62c3775f08a0/0 .event edge, v0x62c3775f15c0_0, v0x62c3775f1420_0, v0x62c3775c7f20_0, v0x62c3775ce8e0_0;
E_0x62c3775f08a0/1 .event edge, v0x62c3775d5420_0;
E_0x62c3775f08a0 .event/or E_0x62c3775f08a0/0, E_0x62c3775f08a0/1;
L_0x62c377612e20 .cmp/eq 2, v0x62c3775fee70_0, L_0x7f0b02054338;
L_0x62c377612f10 .reduce/nor v0x62c3775cbb20_0;
L_0x62c377612fb0 .cmp/eq 2, v0x62c3775fee70_0, L_0x7f0b02054380;
L_0x62c377613050 .reduce/nor v0x62c3775d25d0_0;
L_0x62c3776130f0 .cmp/eq 2, v0x62c3775fee70_0, L_0x7f0b020543c8;
L_0x62c3776131e0 .reduce/nor v0x62c3775d90a0_0;
L_0x62c377613280 .functor MUXZ 1, L_0x7f0b02054410, L_0x62c3776131e0, L_0x62c3776130f0, C4<>;
L_0x62c377613410 .functor MUXZ 1, L_0x62c377613280, L_0x62c377613050, L_0x62c377612fb0, C4<>;
L_0x62c3776135f0 .functor MUXZ 1, L_0x62c377613410, L_0x62c377612f10, L_0x62c377612e20, C4<>;
S_0x62c3775f1dd0 .scope module, "IN_PORT_2" "input_port_3by3" 4 98, 12 3 0, S_0x62c377551b60;
 .timescale -9 -12;
    .port_info 0 /INPUT 64 "data_in";
    .port_info 1 /INPUT 1 "valid_in";
    .port_info 2 /INPUT 2 "dest_in";
    .port_info 3 /OUTPUT 1 "ready_out";
    .port_info 4 /OUTPUT 1 "winc_0";
    .port_info 5 /OUTPUT 1 "winc_1";
    .port_info 6 /OUTPUT 1 "winc_2";
    .port_info 7 /OUTPUT 64 "wdata";
    .port_info 8 /INPUT 1 "wfull_0";
    .port_info 9 /INPUT 1 "wfull_1";
    .port_info 10 /INPUT 1 "wfull_2";
P_0x62c3775c68f0 .param/l "DATA_WIDTH" 0 12 4, +C4<00000000000000000000000001000000>;
L_0x62c377613780 .functor BUFZ 64, v0x62c3775ff550_0, C4<0000000000000000000000000000000000000000000000000000000000000000>, C4<0000000000000000000000000000000000000000000000000000000000000000>, C4<0000000000000000000000000000000000000000000000000000000000000000>;
v0x62c3775f21e0_0 .net *"_ivl_10", 0 0, L_0x62c377613a90;  1 drivers
v0x62c3775f22c0_0 .net *"_ivl_13", 0 0, L_0x62c377613b30;  1 drivers
L_0x7f0b020544e8 .functor BUFT 1, C4<10>, C4<0>, C4<0>, C4<0>;
v0x62c3775f2380_0 .net/2u *"_ivl_14", 1 0, L_0x7f0b020544e8;  1 drivers
v0x62c3775f2440_0 .net *"_ivl_16", 0 0, L_0x62c377613bd0;  1 drivers
v0x62c3775f2500_0 .net *"_ivl_19", 0 0, L_0x62c377613cc0;  1 drivers
L_0x7f0b02054458 .functor BUFT 1, C4<00>, C4<0>, C4<0>, C4<0>;
v0x62c3775f2610_0 .net/2u *"_ivl_2", 1 0, L_0x7f0b02054458;  1 drivers
L_0x7f0b02054530 .functor BUFT 1, C4<0>, C4<0>, C4<0>, C4<0>;
v0x62c3775f26f0_0 .net/2u *"_ivl_20", 0 0, L_0x7f0b02054530;  1 drivers
v0x62c3775f27d0_0 .net *"_ivl_22", 0 0, L_0x62c377613d60;  1 drivers
v0x62c3775f28b0_0 .net *"_ivl_24", 0 0, L_0x62c377613ef0;  1 drivers
v0x62c3775f2990_0 .net *"_ivl_4", 0 0, L_0x62c377613900;  1 drivers
v0x62c3775f2a50_0 .net *"_ivl_7", 0 0, L_0x62c3776139f0;  1 drivers
L_0x7f0b020544a0 .functor BUFT 1, C4<01>, C4<0>, C4<0>, C4<0>;
v0x62c3775f2b10_0 .net/2u *"_ivl_8", 1 0, L_0x7f0b020544a0;  1 drivers
v0x62c3775f2bf0_0 .net "data_in", 63 0, v0x62c3775ff550_0;  alias, 1 drivers
v0x62c3775f2cd0_0 .net "dest_in", 1 0, v0x62c3775ff770_0;  alias, 1 drivers
v0x62c3775f2db0_0 .net "ready_out", 0 0, L_0x62c3776140d0;  alias, 1 drivers
v0x62c3775f2e70_0 .net "valid_in", 0 0, v0x62c3775ffa60_0;  alias, 1 drivers
v0x62c3775f2f30_0 .net "wdata", 63 0, L_0x62c377613780;  alias, 1 drivers
v0x62c3775f3100_0 .net "wfull_0", 0 0, v0x62c3775dfe20_0;  alias, 1 drivers
v0x62c3775f31a0_0 .net "wfull_1", 0 0, v0x62c3775e68d0_0;  alias, 1 drivers
v0x62c3775f3240_0 .net "wfull_2", 0 0, v0x62c3775ed3a0_0;  alias, 1 drivers
v0x62c3775f32e0_0 .var "winc_0", 0 0;
v0x62c3775f3380_0 .var "winc_1", 0 0;
v0x62c3775f3420_0 .var "winc_2", 0 0;
E_0x62c3775f2150/0 .event edge, v0x62c3775f2e70_0, v0x62c3775f2cd0_0, v0x62c3775dc180_0, v0x62c3775e2be0_0;
E_0x62c3775f2150/1 .event edge, v0x62c3775e9720_0;
E_0x62c3775f2150 .event/or E_0x62c3775f2150/0, E_0x62c3775f2150/1;
L_0x62c377613900 .cmp/eq 2, v0x62c3775ff770_0, L_0x7f0b02054458;
L_0x62c3776139f0 .reduce/nor v0x62c3775dfe20_0;
L_0x62c377613a90 .cmp/eq 2, v0x62c3775ff770_0, L_0x7f0b020544a0;
L_0x62c377613b30 .reduce/nor v0x62c3775e68d0_0;
L_0x62c377613bd0 .cmp/eq 2, v0x62c3775ff770_0, L_0x7f0b020544e8;
L_0x62c377613cc0 .reduce/nor v0x62c3775ed3a0_0;
L_0x62c377613d60 .functor MUXZ 1, L_0x7f0b02054530, L_0x62c377613cc0, L_0x62c377613bd0, C4<>;
L_0x62c377613ef0 .functor MUXZ 1, L_0x62c377613d60, L_0x62c377613b30, L_0x62c377613a90, C4<>;
L_0x62c3776140d0 .functor MUXZ 1, L_0x62c377613ef0, L_0x62c3776139f0, L_0x62c377613900, C4<>;
S_0x62c3775f3680 .scope module, "OUT_PORT_0" "output_port_3by3" 4 144, 13 3 0, S_0x62c377551b60;
 .timescale -9 -12;
    .port_info 0 /INPUT 1 "clk_out";
    .port_info 1 /INPUT 1 "rst_n";
    .port_info 2 /INPUT 1 "empty_0";
    .port_info 3 /INPUT 1 "empty_1";
    .port_info 4 /INPUT 1 "empty_2";
    .port_info 5 /INPUT 64 "rdata_0";
    .port_info 6 /INPUT 64 "rdata_1";
    .port_info 7 /INPUT 64 "rdata_2";
    .port_info 8 /OUTPUT 1 "rinc_0";
    .port_info 9 /OUTPUT 1 "rinc_1";
    .port_info 10 /OUTPUT 1 "rinc_2";
    .port_info 11 /OUTPUT 64 "data_out";
    .port_info 12 /OUTPUT 1 "valid_out";
    .port_info 13 /INPUT 1 "ready_ext";
P_0x62c3775f3810 .param/l "DATA_WIDTH" 0 13 4, +C4<00000000000000000000000001000000>;
v0x62c3775f3b80_0 .net *"_ivl_1", 0 0, L_0x62c377614260;  1 drivers
v0x62c3775f3c60_0 .net *"_ivl_11", 0 0, L_0x62c377614670;  1 drivers
v0x62c3775f3d40_0 .net *"_ivl_13", 0 0, L_0x62c377614760;  1 drivers
L_0x7f0b02054578 .functor BUFT 1, C4<0000000000000000000000000000000000000000000000000000000000000000>, C4<0>, C4<0>, C4<0>;
v0x62c3775f3e00_0 .net/2u *"_ivl_14", 63 0, L_0x7f0b02054578;  1 drivers
v0x62c3775f3ee0_0 .net *"_ivl_16", 63 0, L_0x62c377624860;  1 drivers
v0x62c3775f4010_0 .net *"_ivl_18", 63 0, L_0x62c3776249f0;  1 drivers
v0x62c3775f40f0_0 .net *"_ivl_3", 0 0, L_0x62c377614300;  1 drivers
v0x62c3775f41b0_0 .net *"_ivl_5", 0 0, L_0x62c3776143a0;  1 drivers
v0x62c3775f4270_0 .net *"_ivl_9", 0 0, L_0x62c3776145d0;  1 drivers
v0x62c3775f4350_0 .net "clk_out", 0 0, v0x62c3775fdaa0_0;  alias, 1 drivers
v0x62c3775f43f0_0 .var "data_out", 63 0;
v0x62c3775f44b0_0 .net "empty_0", 0 0, v0x62c3774f8990_0;  alias, 1 drivers
v0x62c3775f4550_0 .net "empty_1", 0 0, v0x62c3775c9040_0;  alias, 1 drivers
v0x62c3775f4640_0 .net "empty_2", 0 0, v0x62c3775dd2a0_0;  alias, 1 drivers
v0x62c3775f4730_0 .var "grant", 2 0;
v0x62c3775f4810_0 .var "processed_comb", 63 0;
v0x62c3775f48f0_0 .var "ptr", 1 0;
v0x62c3775f4ae0_0 .net "rdata_0", 63 0, L_0x62c377601630;  alias, 1 drivers
v0x62c3775f4bf0_0 .net "rdata_1", 63 0, L_0x62c377606f20;  alias, 1 drivers
v0x62c3775f4d00_0 .net "rdata_2", 63 0, L_0x62c37760cc10;  alias, 1 drivers
v0x62c3775f4e10_0 .net "ready_ext", 0 0, v0x62c3775fe930_0;  alias, 1 drivers
v0x62c3775f4ed0_0 .net "req", 2 0, L_0x62c377614440;  1 drivers
v0x62c3775f4fb0_0 .var "rinc_0", 0 0;
v0x62c3775f50a0_0 .var "rinc_1", 0 0;
v0x62c3775f5190_0 .var "rinc_2", 0 0;
v0x62c3775f5280_0 .net "rst_n", 0 0, v0x62c3776000a0_0;  alias, 1 drivers
v0x62c3775f5320_0 .net "selected_data", 63 0, L_0x62c377624b30;  1 drivers
v0x62c3775f53e0_0 .var/i "step", 31 0;
v0x62c3775f54c0_0 .var "valid_out", 0 0;
E_0x62c3775f3a90 .event edge, v0x62c3775f5320_0, v0x62c3775f4810_0;
E_0x62c3775f3b10 .event edge, v0x62c3775f4e10_0, v0x62c3775f48f0_0, v0x62c3775f4ed0_0, v0x62c3775f4730_0;
L_0x62c377614260 .reduce/nor v0x62c3775dd2a0_0;
L_0x62c377614300 .reduce/nor v0x62c3775c9040_0;
L_0x62c3776143a0 .reduce/nor v0x62c3774f8990_0;
L_0x62c377614440 .concat [ 1 1 1 0], L_0x62c3776143a0, L_0x62c377614300, L_0x62c377614260;
L_0x62c3776145d0 .part v0x62c3775f4730_0, 0, 1;
L_0x62c377614670 .part v0x62c3775f4730_0, 1, 1;
L_0x62c377614760 .part v0x62c3775f4730_0, 2, 1;
L_0x62c377624860 .functor MUXZ 64, L_0x7f0b02054578, L_0x62c37760cc10, L_0x62c377614760, C4<>;
L_0x62c3776249f0 .functor MUXZ 64, L_0x62c377624860, L_0x62c377606f20, L_0x62c377614670, C4<>;
L_0x62c377624b30 .functor MUXZ 64, L_0x62c3776249f0, L_0x62c377601630, L_0x62c3776145d0, C4<>;
S_0x62c3775f57c0 .scope module, "OUT_PORT_1" "output_port_3by3" 4 152, 13 3 0, S_0x62c377551b60;
 .timescale -9 -12;
    .port_info 0 /INPUT 1 "clk_out";
    .port_info 1 /INPUT 1 "rst_n";
    .port_info 2 /INPUT 1 "empty_0";
    .port_info 3 /INPUT 1 "empty_1";
    .port_info 4 /INPUT 1 "empty_2";
    .port_info 5 /INPUT 64 "rdata_0";
    .port_info 6 /INPUT 64 "rdata_1";
    .port_info 7 /INPUT 64 "rdata_2";
    .port_info 8 /OUTPUT 1 "rinc_0";
    .port_info 9 /OUTPUT 1 "rinc_1";
    .port_info 10 /OUTPUT 1 "rinc_2";
    .port_info 11 /OUTPUT 64 "data_out";
    .port_info 12 /OUTPUT 1 "valid_out";
    .port_info 13 /INPUT 1 "ready_ext";
P_0x62c3775f59a0 .param/l "DATA_WIDTH" 0 13 4, +C4<00000000000000000000000001000000>;
v0x62c3775f5cc0_0 .net *"_ivl_1", 0 0, L_0x62c377624c80;  1 drivers
v0x62c3775f5da0_0 .net *"_ivl_11", 0 0, L_0x62c3776250c0;  1 drivers
v0x62c3775f5e80_0 .net *"_ivl_13", 0 0, L_0x62c3776251b0;  1 drivers
L_0x7f0b020545c0 .functor BUFT 1, C4<0000000000000000000000000000000000000000000000000000000000000000>, C4<0>, C4<0>, C4<0>;
v0x62c3775f5f40_0 .net/2u *"_ivl_14", 63 0, L_0x7f0b020545c0;  1 drivers
v0x62c3775f6020_0 .net *"_ivl_16", 63 0, L_0x62c377625250;  1 drivers
v0x62c3775f6150_0 .net *"_ivl_18", 63 0, L_0x62c377625410;  1 drivers
v0x62c3775f6230_0 .net *"_ivl_3", 0 0, L_0x62c377624d20;  1 drivers
v0x62c3775f62f0_0 .net *"_ivl_5", 0 0, L_0x62c377624dc0;  1 drivers
v0x62c3775f63b0_0 .net *"_ivl_9", 0 0, L_0x62c377625020;  1 drivers
v0x62c3775f6490_0 .net "clk_out", 0 0, v0x62c3775fdb40_0;  alias, 1 drivers
v0x62c3775f6550_0 .var "data_out", 63 0;
v0x62c3775f6630_0 .net "empty_0", 0 0, v0x62c3775bb960_0;  alias, 1 drivers
v0x62c3775f66d0_0 .net "empty_1", 0 0, v0x62c3775cfa50_0;  alias, 1 drivers
v0x62c3775f67c0_0 .net "empty_2", 0 0, v0x62c3775e3d50_0;  alias, 1 drivers
v0x62c3775f68b0_0 .var "grant", 2 0;
v0x62c3775f6990_0 .var "processed_comb", 63 0;
v0x62c3775f6a70_0 .var "ptr", 1 0;
v0x62c3775f6c60_0 .net "rdata_0", 63 0, L_0x62c377603540;  alias, 1 drivers
v0x62c3775f6d70_0 .net "rdata_1", 63 0, L_0x62c377608f10;  alias, 1 drivers
v0x62c3775f6e80_0 .net "rdata_2", 63 0, L_0x62c37760ea60;  alias, 1 drivers
v0x62c3775f6f90_0 .net "ready_ext", 0 0, v0x62c3775fef80_0;  alias, 1 drivers
v0x62c3775f7050_0 .net "req", 2 0, L_0x62c377624e60;  1 drivers
v0x62c3775f7130_0 .var "rinc_0", 0 0;
v0x62c3775f7220_0 .var "rinc_1", 0 0;
v0x62c3775f7310_0 .var "rinc_2", 0 0;
v0x62c3775f7400_0 .net "rst_n", 0 0, v0x62c377600140_0;  alias, 1 drivers
v0x62c3775f74c0_0 .net "selected_data", 63 0, L_0x62c377625550;  1 drivers
v0x62c3775f75a0_0 .var/i "step", 31 0;
v0x62c3775f7680_0 .var "valid_out", 0 0;
E_0x62c3775f5ba0/0 .event negedge, v0x62c3775f7400_0;
E_0x62c3775f5ba0/1 .event posedge, v0x62c3775f6490_0;
E_0x62c3775f5ba0 .event/or E_0x62c3775f5ba0/0, E_0x62c3775f5ba0/1;
E_0x62c3775f5c20 .event edge, v0x62c3775f74c0_0, v0x62c3775f6990_0;
E_0x62c3775f5c80 .event edge, v0x62c3775f6f90_0, v0x62c3775f6a70_0, v0x62c3775f7050_0, v0x62c3775f68b0_0;
L_0x62c377624c80 .reduce/nor v0x62c3775e3d50_0;
L_0x62c377624d20 .reduce/nor v0x62c3775cfa50_0;
L_0x62c377624dc0 .reduce/nor v0x62c3775bb960_0;
L_0x62c377624e60 .concat [ 1 1 1 0], L_0x62c377624dc0, L_0x62c377624d20, L_0x62c377624c80;
L_0x62c377625020 .part v0x62c3775f68b0_0, 0, 1;
L_0x62c3776250c0 .part v0x62c3775f68b0_0, 1, 1;
L_0x62c3776251b0 .part v0x62c3775f68b0_0, 2, 1;
L_0x62c377625250 .functor MUXZ 64, L_0x7f0b020545c0, L_0x62c37760ea60, L_0x62c3776251b0, C4<>;
L_0x62c377625410 .functor MUXZ 64, L_0x62c377625250, L_0x62c377608f10, L_0x62c3776250c0, C4<>;
L_0x62c377625550 .functor MUXZ 64, L_0x62c377625410, L_0x62c377603540, L_0x62c377625020, C4<>;
S_0x62c3775f7980 .scope module, "OUT_PORT_2" "output_port_3by3" 4 160, 13 3 0, S_0x62c377551b60;
 .timescale -9 -12;
    .port_info 0 /INPUT 1 "clk_out";
    .port_info 1 /INPUT 1 "rst_n";
    .port_info 2 /INPUT 1 "empty_0";
    .port_info 3 /INPUT 1 "empty_1";
    .port_info 4 /INPUT 1 "empty_2";
    .port_info 5 /INPUT 64 "rdata_0";
    .port_info 6 /INPUT 64 "rdata_1";
    .port_info 7 /INPUT 64 "rdata_2";
    .port_info 8 /OUTPUT 1 "rinc_0";
    .port_info 9 /OUTPUT 1 "rinc_1";
    .port_info 10 /OUTPUT 1 "rinc_2";
    .port_info 11 /OUTPUT 64 "data_out";
    .port_info 12 /OUTPUT 1 "valid_out";
    .port_info 13 /INPUT 1 "ready_ext";
P_0x62c3775f7b60 .param/l "DATA_WIDTH" 0 13 4, +C4<00000000000000000000000001000000>;
v0x62c3775f7e80_0 .net *"_ivl_1", 0 0, L_0x62c3776256a0;  1 drivers
v0x62c3775f7f60_0 .net *"_ivl_11", 0 0, L_0x62c377625b10;  1 drivers
v0x62c3775f8040_0 .net *"_ivl_13", 0 0, L_0x62c377625c00;  1 drivers
L_0x7f0b02054608 .functor BUFT 1, C4<0000000000000000000000000000000000000000000000000000000000000000>, C4<0>, C4<0>, C4<0>;
v0x62c3775f8100_0 .net/2u *"_ivl_14", 63 0, L_0x7f0b02054608;  1 drivers
v0x62c3775f81e0_0 .net *"_ivl_16", 63 0, L_0x62c377625ca0;  1 drivers
v0x62c3775f8310_0 .net *"_ivl_18", 63 0, L_0x62c377625e60;  1 drivers
v0x62c3775f83f0_0 .net *"_ivl_3", 0 0, L_0x62c377625740;  1 drivers
v0x62c3775f84b0_0 .net *"_ivl_5", 0 0, L_0x62c3776257e0;  1 drivers
v0x62c3775f8570_0 .net *"_ivl_9", 0 0, L_0x62c377625a70;  1 drivers
v0x62c3775f8650_0 .net "clk_out", 0 0, v0x62c3775fdbe0_0;  alias, 1 drivers
v0x62c3775f8710_0 .var "data_out", 63 0;
v0x62c3775f87f0_0 .net "empty_0", 0 0, v0x62c3775c2320_0;  alias, 1 drivers
v0x62c3775f8890_0 .net "empty_1", 0 0, v0x62c3775d64f0_0;  alias, 1 drivers
v0x62c3775f8980_0 .net "empty_2", 0 0, v0x62c3775ea7f0_0;  alias, 1 drivers
v0x62c3775f8a70_0 .var "grant", 2 0;
v0x62c3775f8b50_0 .var "processed_comb", 63 0;
v0x62c3775f8c30_0 .var "ptr", 1 0;
v0x62c3775f8e20_0 .net "rdata_0", 63 0, L_0x62c377605200;  alias, 1 drivers
v0x62c3775f8f30_0 .net "rdata_1", 63 0, L_0x62c37760aeb0;  alias, 1 drivers
v0x62c3775f9040_0 .net "rdata_2", 63 0, L_0x62c3776109b0;  alias, 1 drivers
v0x62c3775f9150_0 .net "ready_ext", 0 0, v0x62c3775ff880_0;  alias, 1 drivers
v0x62c3775f9210_0 .net "req", 2 0, L_0x62c377625880;  1 drivers
v0x62c3775f92f0_0 .var "rinc_0", 0 0;
v0x62c3775f93e0_0 .var "rinc_1", 0 0;
v0x62c3775f94d0_0 .var "rinc_2", 0 0;
v0x62c3775f95c0_0 .net "rst_n", 0 0, v0x62c377600230_0;  alias, 1 drivers
v0x62c3775f9680_0 .net "selected_data", 63 0, L_0x62c377625fa0;  1 drivers
v0x62c3775f9760_0 .var/i "step", 31 0;
v0x62c3775f9840_0 .var "valid_out", 0 0;
E_0x62c3775f7d60/0 .event negedge, v0x62c3775f95c0_0;
E_0x62c3775f7d60/1 .event posedge, v0x62c3775f8650_0;
E_0x62c3775f7d60 .event/or E_0x62c3775f7d60/0, E_0x62c3775f7d60/1;
E_0x62c3775f7de0 .event edge, v0x62c3775f9680_0, v0x62c3775f8b50_0;
E_0x62c3775f7e40 .event edge, v0x62c3775f9150_0, v0x62c3775f8c30_0, v0x62c3775f9210_0, v0x62c3775f8a70_0;
L_0x62c3776256a0 .reduce/nor v0x62c3775ea7f0_0;
L_0x62c377625740 .reduce/nor v0x62c3775d64f0_0;
L_0x62c3776257e0 .reduce/nor v0x62c3775c2320_0;
L_0x62c377625880 .concat [ 1 1 1 0], L_0x62c3776257e0, L_0x62c377625740, L_0x62c3776256a0;
L_0x62c377625a70 .part v0x62c3775f8a70_0, 0, 1;
L_0x62c377625b10 .part v0x62c3775f8a70_0, 1, 1;
L_0x62c377625c00 .part v0x62c3775f8a70_0, 2, 1;
L_0x62c377625ca0 .functor MUXZ 64, L_0x7f0b02054608, L_0x62c3776109b0, L_0x62c377625c00, C4<>;
L_0x62c377625e60 .functor MUXZ 64, L_0x62c377625ca0, L_0x62c37760aeb0, L_0x62c377625b10, C4<>;
L_0x62c377625fa0 .functor MUXZ 64, L_0x62c377625e60, L_0x62c377605200, L_0x62c377625a70, C4<>;
S_0x62c3775fc760 .scope function.vec4.s64, "expected_hash" "expected_hash" 3 74, 3 74 0, S_0x62c3775433e0;
 .timescale -9 -12;
; Variable expected_hash is vec4 return value of scope S_0x62c3775fc760
v0x62c3775fc9f0_0 .var "raw_data", 63 0;
v0x62c3775fcad0_0 .var/i "step", 31 0;
TD_tb_xbar_3by3_benchmark.expected_hash ;
    %load/vec4 v0x62c3775fc9f0_0;
    %ret/vec4 0, 0, 64;  Assign to expected_hash (store_vec4_to_lval)
    %pushi/vec4 0, 0, 32;
    %store/vec4 v0x62c3775fcad0_0, 0, 32;
T_0.0 ;
    %load/vec4 v0x62c3775fcad0_0;
    %cmpi/s 12, 0, 32;
    %jmp/0xz T_0.1, 5;
    %retload/vec4 0; Load expected_hash (draw_signal_vec4)
    %retload/vec4 0; Load expected_hash (draw_signal_vec4)
    %ix/load 4, 3, 0;
    %flag_set/imm 4, 0;
    %shiftl 4;
    %xor;
    %pushi/vec4 2779096485, 0, 32;
    %concati/vec4 1515870810, 0, 32;
    %add;
    %load/vec4 v0x62c3775fcad0_0;
    %pad/u 64;
    %muli 7, 0, 64;
    %add;
    %ret/vec4 0, 0, 64;  Assign to expected_hash (store_vec4_to_lval)
    %load/vec4 v0x62c3775fcad0_0;
    %addi 1, 0, 32;
    %store/vec4 v0x62c3775fcad0_0, 0, 32;
    %jmp T_0.0;
T_0.1 ;
    %end;
S_0x62c3775fcbc0 .scope task, "send_p0" "send_p0" 3 101, 3 101 0, S_0x62c3775433e0;
 .timescale -9 -12;
v0x62c3775fcde0_0 .var "data", 63 0;
v0x62c3775fcee0_0 .var "dest", 1 0;
E_0x62c3775fcd80 .event posedge, v0x62c377562220_0;
TD_tb_xbar_3by3_benchmark.send_p0 ;
    %wait E_0x62c3775fcd80;
T_1.2 ;
    %load/vec4 v0x62c3775fe9d0_0;
    %nor/r;
    %flag_set/vec4 8;
    %jmp/0xz T_1.3, 8;
    %wait E_0x62c3775fcd80;
    %jmp T_1.2;
T_1.3 ;
    %load/vec4 v0x62c3775fcde0_0;
    %store/vec4 v0x62c3775fe6f0_0, 0, 64;
    %load/vec4 v0x62c3775fcee0_0;
    %store/vec4 v0x62c3775fe870_0, 0, 2;
    %pushi/vec4 1, 0, 1;
    %store/vec4 v0x62c3775fea70_0, 0, 1;
    %load/vec4 v0x62c3775fcee0_0;
    %pad/u 32;
    %cmpi/e 0, 0, 32;
    %jmp/0xz  T_1.4, 4;
    %load/vec4 v0x62c3775fcde0_0;
    %ix/getv/s 4, v0x62c3775fe450_0;
    %store/vec4a v0x62c377600320, 4, 0;
    %pushi/vec4 0, 0, 1;
    %ix/getv/s 4, v0x62c3775fe450_0;
    %store/vec4a v0x62c3775ffc40, 4, 0;
    %load/vec4 v0x62c3775fe450_0;
    %addi 1, 0, 32;
    %store/vec4 v0x62c3775fe450_0, 0, 32;
T_1.4 ;
    %load/vec4 v0x62c3775fcee0_0;
    %pad/u 32;
    %cmpi/e 1, 0, 32;
    %jmp/0xz  T_1.6, 4;
    %load/vec4 v0x62c3775fcde0_0;
    %ix/getv/s 4, v0x62c3775fe530_0;
    %store/vec4a v0x62c3776003c0, 4, 0;
    %pushi/vec4 0, 0, 1;
    %ix/getv/s 4, v0x62c3775fe530_0;
    %store/vec4a v0x62c3775ffce0, 4, 0;
    %load/vec4 v0x62c3775fe530_0;
    %addi 1, 0, 32;
    %store/vec4 v0x62c3775fe530_0, 0, 32;
T_1.6 ;
    %load/vec4 v0x62c3775fcee0_0;
    %pad/u 32;
    %cmpi/e 2, 0, 32;
    %jmp/0xz  T_1.8, 4;
    %load/vec4 v0x62c3775fcde0_0;
    %ix/getv/s 4, v0x62c3775fe610_0;
    %store/vec4a v0x62c377600480, 4, 0;
    %pushi/vec4 0, 0, 1;
    %ix/getv/s 4, v0x62c3775fe610_0;
    %store/vec4a v0x62c3775ffd80, 4, 0;
    %load/vec4 v0x62c3775fe610_0;
    %addi 1, 0, 32;
    %store/vec4 v0x62c3775fe610_0, 0, 32;
T_1.8 ;
    %wait E_0x62c3775fcd80;
    %pushi/vec4 0, 0, 1;
    %store/vec4 v0x62c3775fea70_0, 0, 1;
    %end;
S_0x62c3775fcfc0 .scope task, "send_p1" "send_p1" 3 119, 3 119 0, S_0x62c3775433e0;
 .timescale -9 -12;
v0x62c3775fd1d0_0 .var "data", 63 0;
v0x62c3775fd2d0_0 .var "dest", 1 0;
E_0x62c3775fd150 .event posedge, v0x62c377528600_0;
TD_tb_xbar_3by3_benchmark.send_p1 ;
    %wait E_0x62c3775fd150;
T_2.10 ;
    %load/vec4 v0x62c3775ff070_0;
    %nor/r;
    %flag_set/vec4 8;
    %jmp/0xz T_2.11, 8;
    %wait E_0x62c3775fd150;
    %jmp T_2.10;
T_2.11 ;
    %load/vec4 v0x62c3775fd1d0_0;
    %store/vec4 v0x62c3775fec50_0, 0, 64;
    %load/vec4 v0x62c3775fd2d0_0;
    %store/vec4 v0x62c3775fee70_0, 0, 2;
    %pushi/vec4 1, 0, 1;
    %store/vec4 v0x62c3775ff160_0, 0, 1;
    %load/vec4 v0x62c3775fd2d0_0;
    %pad/u 32;
    %cmpi/e 0, 0, 32;
    %jmp/0xz  T_2.12, 4;
    %load/vec4 v0x62c3775fd1d0_0;
    %ix/getv/s 4, v0x62c3775fe450_0;
    %store/vec4a v0x62c377600320, 4, 0;
    %pushi/vec4 0, 0, 1;
    %ix/getv/s 4, v0x62c3775fe450_0;
    %store/vec4a v0x62c3775ffc40, 4, 0;
    %load/vec4 v0x62c3775fe450_0;
    %addi 1, 0, 32;
    %store/vec4 v0x62c3775fe450_0, 0, 32;
T_2.12 ;
    %load/vec4 v0x62c3775fd2d0_0;
    %pad/u 32;
    %cmpi/e 1, 0, 32;
    %jmp/0xz  T_2.14, 4;
    %load/vec4 v0x62c3775fd1d0_0;
    %ix/getv/s 4, v0x62c3775fe530_0;
    %store/vec4a v0x62c3776003c0, 4, 0;
    %pushi/vec4 0, 0, 1;
    %ix/getv/s 4, v0x62c3775fe530_0;
    %store/vec4a v0x62c3775ffce0, 4, 0;
    %load/vec4 v0x62c3775fe530_0;
    %addi 1, 0, 32;
    %store/vec4 v0x62c3775fe530_0, 0, 32;
T_2.14 ;
    %load/vec4 v0x62c3775fd2d0_0;
    %pad/u 32;
    %cmpi/e 2, 0, 32;
    %jmp/0xz  T_2.16, 4;
    %load/vec4 v0x62c3775fd1d0_0;
    %ix/getv/s 4, v0x62c3775fe610_0;
    %store/vec4a v0x62c377600480, 4, 0;
    %pushi/vec4 0, 0, 1;
    %ix/getv/s 4, v0x62c3775fe610_0;
    %store/vec4a v0x62c3775ffd80, 4, 0;
    %load/vec4 v0x62c3775fe610_0;
    %addi 1, 0, 32;
    %store/vec4 v0x62c3775fe610_0, 0, 32;
T_2.16 ;
    %wait E_0x62c3775fd150;
    %pushi/vec4 0, 0, 1;
    %store/vec4 v0x62c3775ff160_0, 0, 1;
    %end;
S_0x62c3775fd3b0 .scope task, "send_p2" "send_p2" 3 131, 3 131 0, S_0x62c3775433e0;
 .timescale -9 -12;
v0x62c3775fd5c0_0 .var "data", 63 0;
v0x62c3775fd6c0_0 .var "dest", 1 0;
E_0x62c3775fd540 .event posedge, v0x62c3775f9ca0_0;
TD_tb_xbar_3by3_benchmark.send_p2 ;
    %wait E_0x62c3775fd540;
T_3.18 ;
    %load/vec4 v0x62c3775ff970_0;
    %nor/r;
    %flag_set/vec4 8;
    %jmp/0xz T_3.19, 8;
    %wait E_0x62c3775fd540;
    %jmp T_3.18;
T_3.19 ;
    %load/vec4 v0x62c3775fd5c0_0;
    %store/vec4 v0x62c3775ff550_0, 0, 64;
    %load/vec4 v0x62c3775fd6c0_0;
    %store/vec4 v0x62c3775ff770_0, 0, 2;
    %pushi/vec4 1, 0, 1;
    %store/vec4 v0x62c3775ffa60_0, 0, 1;
    %load/vec4 v0x62c3775fd6c0_0;
    %pad/u 32;
    %cmpi/e 0, 0, 32;
    %jmp/0xz  T_3.20, 4;
    %load/vec4 v0x62c3775fd5c0_0;
    %ix/getv/s 4, v0x62c3775fe450_0;
    %store/vec4a v0x62c377600320, 4, 0;
    %pushi/vec4 0, 0, 1;
    %ix/getv/s 4, v0x62c3775fe450_0;
    %store/vec4a v0x62c3775ffc40, 4, 0;
    %load/vec4 v0x62c3775fe450_0;
    %addi 1, 0, 32;
    %store/vec4 v0x62c3775fe450_0, 0, 32;
T_3.20 ;
    %load/vec4 v0x62c3775fd6c0_0;
    %pad/u 32;
    %cmpi/e 1, 0, 32;
    %jmp/0xz  T_3.22, 4;
    %load/vec4 v0x62c3775fd5c0_0;
    %ix/getv/s 4, v0x62c3775fe530_0;
    %store/vec4a v0x62c3776003c0, 4, 0;
    %pushi/vec4 0, 0, 1;
    %ix/getv/s 4, v0x62c3775fe530_0;
    %store/vec4a v0x62c3775ffce0, 4, 0;
    %load/vec4 v0x62c3775fe530_0;
    %addi 1, 0, 32;
    %store/vec4 v0x62c3775fe530_0, 0, 32;
T_3.22 ;
    %load/vec4 v0x62c3775fd6c0_0;
    %pad/u 32;
    %cmpi/e 2, 0, 32;
    %jmp/0xz  T_3.24, 4;
    %load/vec4 v0x62c3775fd5c0_0;
    %ix/getv/s 4, v0x62c3775fe610_0;
    %store/vec4a v0x62c377600480, 4, 0;
    %pushi/vec4 0, 0, 1;
    %ix/getv/s 4, v0x62c3775fe610_0;
    %store/vec4a v0x62c3775ffd80, 4, 0;
    %load/vec4 v0x62c3775fe610_0;
    %addi 1, 0, 32;
    %store/vec4 v0x62c3775fe610_0, 0, 32;
T_3.24 ;
    %wait E_0x62c3775fd540;
    %pushi/vec4 0, 0, 1;
    %store/vec4 v0x62c3775ffa60_0, 0, 1;
    %end;
    .scope S_0x62c3774f2c00;
T_4 ;
    %wait E_0x62c37744ae10;
    %load/vec4 v0x62c37757b5b0_0;
    %nor/r;
    %flag_set/vec4 8;
    %jmp/0xz  T_4.0, 8;
    %pushi/vec4 0, 0, 5;
    %assign/vec4 v0x62c377509730_0, 0;
    %jmp T_4.1;
T_4.0 ;
    %load/vec4 v0x62c377517ee0_0;
    %load/vec4 v0x62c377517e20_0;
    %nor/r;
    %and;
    %flag_set/vec4 8;
    %jmp/0xz  T_4.2, 8;
    %load/vec4 v0x62c377526640_0;
    %load/vec4 v0x62c377509730_0;
    %parti/s 4, 0, 2;
    %pad/u 6;
    %ix/vec4 3;
    %ix/load 4, 0, 0; Constant delay
    %assign/vec4/a/d v0x62c377513620, 0, 4;
    %load/vec4 v0x62c377509730_0;
    %addi 1, 0, 5;
    %assign/vec4 v0x62c377509730_0, 0;
T_4.2 ;
T_4.1 ;
    %jmp T_4;
    .thread T_4;
    .scope S_0x62c3774f2c00;
T_5 ;
    %wait E_0x62c37744ae10;
    %load/vec4 v0x62c37757b5b0_0;
    %nor/r;
    %flag_set/vec4 8;
    %jmp/0xz  T_5.0, 8;
    %pushi/vec4 0, 0, 15;
    %split/vec4 5;
    %assign/vec4 v0x62c377509810_0, 0;
    %split/vec4 5;
    %assign/vec4 v0x62c3774fb040_0, 0;
    %assign/vec4 v0x62c3774fb120_0, 0;
    %jmp T_5.1;
T_5.0 ;
    %load/vec4 v0x62c3774fb040_0;
    %load/vec4 v0x62c377509810_0;
    %concat/vec4; draw_concat_vec4
    %load/vec4 v0x62c377504fd0_0;
    %concat/vec4; draw_concat_vec4
    %split/vec4 5;
    %assign/vec4 v0x62c377509810_0, 0;
    %split/vec4 5;
    %assign/vec4 v0x62c3774fb040_0, 0;
    %assign/vec4 v0x62c3774fb120_0, 0;
T_5.1 ;
    %jmp T_5;
    .thread T_5;
    .scope S_0x62c3774f2c00;
T_6 ;
    %wait E_0x62c37744ac90;
    %load/vec4 v0x62c3774f15d0_0;
    %nor/r;
    %flag_set/vec4 8;
    %jmp/0xz  T_6.0, 8;
    %pushi/vec4 0, 0, 5;
    %assign/vec4 v0x62c377504fd0_0, 0;
    %jmp T_6.1;
T_6.0 ;
    %load/vec4 v0x62c377504f30_0;
    %load/vec4 v0x62c3774ffca0_0;
    %nor/r;
    %and;
    %flag_set/vec4 8;
    %jmp/0xz  T_6.2, 8;
    %load/vec4 v0x62c377504fd0_0;
    %addi 1, 0, 5;
    %assign/vec4 v0x62c377504fd0_0, 0;
T_6.2 ;
T_6.1 ;
    %jmp T_6;
    .thread T_6;
    .scope S_0x62c3774f2c00;
T_7 ;
    %wait E_0x62c37744ac90;
    %load/vec4 v0x62c3774f15d0_0;
    %nor/r;
    %flag_set/vec4 8;
    %jmp/0xz  T_7.0, 8;
    %pushi/vec4 0, 0, 15;
    %split/vec4 5;
    %assign/vec4 v0x62c3774f1670_0, 0;
    %split/vec4 5;
    %assign/vec4 v0x62c377534cf0_0, 0;
    %assign/vec4 v0x62c377534db0_0, 0;
    %jmp T_7.1;
T_7.0 ;
    %load/vec4 v0x62c377534cf0_0;
    %load/vec4 v0x62c3774f1670_0;
    %concat/vec4; draw_concat_vec4
    %load/vec4 v0x62c377509730_0;
    %concat/vec4; draw_concat_vec4
    %split/vec4 5;
    %assign/vec4 v0x62c3774f1670_0, 0;
    %split/vec4 5;
    %assign/vec4 v0x62c377534cf0_0, 0;
    %assign/vec4 v0x62c377534db0_0, 0;
T_7.1 ;
    %jmp T_7;
    .thread T_7;
    .scope S_0x62c37752f670;
T_8 ;
    %wait E_0x62c37752f800;
    %load/vec4 v0x62c377504110_0;
    %load/vec4 v0x62c3774f07b0_0;
    %nor/r;
    %and;
    %flag_set/vec4 8;
    %jmp/0xz  T_8.0, 8;
    %load/vec4 v0x62c3775041d0_0;
    %load/vec4 v0x62c3774fedc0_0;
    %pad/u 7;
    %ix/vec4 3;
    %ix/load 4, 0, 0; Constant delay
    %assign/vec4/a/d v0x62c37750d5a0, 0, 4;
T_8.0 ;
    %jmp T_8;
    .thread T_8;
    .scope S_0x62c3774253c0;
T_9 ;
    %wait E_0x62c3775472f0;
    %load/vec4 v0x62c377429250_0;
    %nor/r;
    %flag_set/vec4 8;
    %jmp/0xz  T_9.0, 8;
    %pushi/vec4 0, 0, 12;
    %split/vec4 6;
    %assign/vec4 v0x62c3774290c0_0, 0;
    %assign/vec4 v0x62c377429190_0, 0;
    %jmp T_9.1;
T_9.0 ;
    %load/vec4 v0x62c3774290c0_0;
    %load/vec4 v0x62c377425640_0;
    %concat/vec4; draw_concat_vec4
    %split/vec4 6;
    %assign/vec4 v0x62c3774290c0_0, 0;
    %assign/vec4 v0x62c377429190_0, 0;
T_9.1 ;
    %jmp T_9;
    .thread T_9;
    .scope S_0x62c3774293e0;
T_10 ;
    %wait E_0x62c37755dca0;
    %load/vec4 v0x62c37742e170_0;
    %nor/r;
    %flag_set/vec4 8;
    %jmp/0xz  T_10.0, 8;
    %pushi/vec4 0, 0, 12;
    %split/vec4 6;
    %assign/vec4 v0x62c37742dfb0_0, 0;
    %assign/vec4 v0x62c37742e070_0, 0;
    %jmp T_10.1;
T_10.0 ;
    %load/vec4 v0x62c37742dfb0_0;
    %load/vec4 v0x62c37743ba60_0;
    %concat/vec4; draw_concat_vec4
    %split/vec4 6;
    %assign/vec4 v0x62c37742dfb0_0, 0;
    %assign/vec4 v0x62c37742e070_0, 0;
T_10.1 ;
    %jmp T_10;
    .thread T_10;
    .scope S_0x62c37743bbb0;
T_11 ;
    %wait E_0x62c3775472f0;
    %load/vec4 v0x62c37745e260_0;
    %nor/r;
    %flag_set/vec4 8;
    %jmp/0xz  T_11.0, 8;
    %pushi/vec4 0, 0, 12;
    %split/vec4 6;
    %assign/vec4 v0x62c37745e0c0_0, 0;
    %assign/vec4 v0x62c377451df0_0, 0;
    %jmp T_11.1;
T_11.0 ;
    %load/vec4 v0x62c377451eb0_0;
    %load/vec4 v0x62c377457cc0_0;
    %concat/vec4; draw_concat_vec4
    %split/vec4 6;
    %assign/vec4 v0x62c37745e0c0_0, 0;
    %assign/vec4 v0x62c377451df0_0, 0;
T_11.1 ;
    %jmp T_11;
    .thread T_11;
    .scope S_0x62c37743bbb0;
T_12 ;
    %wait E_0x62c3775472f0;
    %load/vec4 v0x62c37745e260_0;
    %nor/r;
    %flag_set/vec4 8;
    %jmp/0xz  T_12.0, 8;
    %pushi/vec4 0, 0, 1;
    %assign/vec4 v0x62c377457b80_0, 0;
    %jmp T_12.1;
T_12.0 ;
    %load/vec4 v0x62c377457c20_0;
    %assign/vec4 v0x62c377457b80_0, 0;
T_12.1 ;
    %jmp T_12;
    .thread T_12;
    .scope S_0x62c37756c260;
T_13 ;
    %wait E_0x62c37755dca0;
    %load/vec4 v0x62c3774222e0_0;
    %nor/r;
    %flag_set/vec4 8;
    %jmp/0xz  T_13.0, 8;
    %pushi/vec4 0, 0, 12;
    %split/vec4 6;
    %assign/vec4 v0x62c377422120_0, 0;
    %assign/vec4 v0x62c377506ff0_0, 0;
    %jmp T_13.1;
T_13.0 ;
    %load/vec4 v0x62c3775070b0_0;
    %load/vec4 v0x62c377421f80_0;
    %concat/vec4; draw_concat_vec4
    %split/vec4 6;
    %assign/vec4 v0x62c377422120_0, 0;
    %assign/vec4 v0x62c377506ff0_0, 0;
T_13.1 ;
    %jmp T_13;
    .thread T_13;
    .scope S_0x62c37756c260;
T_14 ;
    %wait E_0x62c37755dca0;
    %load/vec4 v0x62c3774222e0_0;
    %nor/r;
    %flag_set/vec4 8;
    %jmp/0xz  T_14.0, 8;
    %pushi/vec4 1, 0, 1;
    %assign/vec4 v0x62c3774f8990_0, 0;
    %jmp T_14.1;
T_14.0 ;
    %load/vec4 v0x62c377421ec0_0;
    %assign/vec4 v0x62c3774f8990_0, 0;
T_14.1 ;
    %jmp T_14;
    .thread T_14;
    .scope S_0x62c3775b9a70;
T_15 ;
    %wait E_0x62c3775b9f80;
    %load/vec4 v0x62c3775ba670_0;
    %load/vec4 v0x62c3775ba7f0_0;
    %nor/r;
    %and;
    %flag_set/vec4 8;
    %jmp/0xz  T_15.0, 8;
    %load/vec4 v0x62c3775ba730_0;
    %load/vec4 v0x62c3775ba4d0_0;
    %pad/u 7;
    %ix/vec4 3;
    %ix/load 4, 0, 0; Constant delay
    %assign/vec4/a/d v0x62c3775ba200, 0, 4;
T_15.0 ;
    %jmp T_15;
    .thread T_15;
    .scope S_0x62c3775bc130;
T_16 ;
    %wait E_0x62c377507190;
    %load/vec4 v0x62c3775bc750_0;
    %nor/r;
    %flag_set/vec4 8;
    %jmp/0xz  T_16.0, 8;
    %pushi/vec4 0, 0, 12;
    %split/vec4 6;
    %assign/vec4 v0x62c3775bc5c0_0, 0;
    %assign/vec4 v0x62c3775bc690_0, 0;
    %jmp T_16.1;
T_16.0 ;
    %load/vec4 v0x62c3775bc5c0_0;
    %load/vec4 v0x62c3775bc3e0_0;
    %concat/vec4; draw_concat_vec4
    %split/vec4 6;
    %assign/vec4 v0x62c3775bc5c0_0, 0;
    %assign/vec4 v0x62c3775bc690_0, 0;
T_16.1 ;
    %jmp T_16;
    .thread T_16;
    .scope S_0x62c3775bc8e0;
T_17 ;
    %wait E_0x62c3775badb0;
    %load/vec4 v0x62c3775bce40_0;
    %nor/r;
    %flag_set/vec4 8;
    %jmp/0xz  T_17.0, 8;
    %pushi/vec4 0, 0, 12;
    %split/vec4 6;
    %assign/vec4 v0x62c3775bcc80_0, 0;
    %assign/vec4 v0x62c3775bcd40_0, 0;
    %jmp T_17.1;
T_17.0 ;
    %load/vec4 v0x62c3775bcc80_0;
    %load/vec4 v0x62c3775bcf10_0;
    %concat/vec4; draw_concat_vec4
    %split/vec4 6;
    %assign/vec4 v0x62c3775bcc80_0, 0;
    %assign/vec4 v0x62c3775bcd40_0, 0;
T_17.1 ;
    %jmp T_17;
    .thread T_17;
    .scope S_0x62c3775bd080;
T_18 ;
    %wait E_0x62c377507190;
    %load/vec4 v0x62c3775be890_0;
    %nor/r;
    %flag_set/vec4 8;
    %jmp/0xz  T_18.0, 8;
    %pushi/vec4 0, 0, 12;
    %split/vec4 6;
    %assign/vec4 v0x62c3775be6f0_0, 0;
    %assign/vec4 v0x62c3775be0b0_0, 0;
    %jmp T_18.1;
T_18.0 ;
    %load/vec4 v0x62c3775be170_0;
    %load/vec4 v0x62c3775be540_0;
    %concat/vec4; draw_concat_vec4
    %split/vec4 6;
    %assign/vec4 v0x62c3775be6f0_0, 0;
    %assign/vec4 v0x62c3775be0b0_0, 0;
T_18.1 ;
    %jmp T_18;
    .thread T_18;
    .scope S_0x62c3775bd080;
T_19 ;
    %wait E_0x62c377507190;
    %load/vec4 v0x62c3775be890_0;
    %nor/r;
    %flag_set/vec4 8;
    %jmp/0xz  T_19.0, 8;
    %pushi/vec4 0, 0, 1;
    %assign/vec4 v0x62c3775be400_0, 0;
    %jmp T_19.1;
T_19.0 ;
    %load/vec4 v0x62c3775be4a0_0;
    %assign/vec4 v0x62c3775be400_0, 0;
T_19.1 ;
    %jmp T_19;
    .thread T_19;
    .scope S_0x62c3775ba9d0;
T_20 ;
    %wait E_0x62c3775badb0;
    %load/vec4 v0x62c3775bbf50_0;
    %nor/r;
    %flag_set/vec4 8;
    %jmp/0xz  T_20.0, 8;
    %pushi/vec4 0, 0, 12;
    %split/vec4 6;
    %assign/vec4 v0x62c3775bbd90_0, 0;
    %assign/vec4 v0x62c3775bb700_0, 0;
    %jmp T_20.1;
T_20.0 ;
    %load/vec4 v0x62c3775bb7c0_0;
    %load/vec4 v0x62c3775bbae0_0;
    %concat/vec4; draw_concat_vec4
    %split/vec4 6;
    %assign/vec4 v0x62c3775bbd90_0, 0;
    %assign/vec4 v0x62c3775bb700_0, 0;
T_20.1 ;
    %jmp T_20;
    .thread T_20;
    .scope S_0x62c3775ba9d0;
T_21 ;
    %wait E_0x62c3775badb0;
    %load/vec4 v0x62c3775bbf50_0;
    %nor/r;
    %flag_set/vec4 8;
    %jmp/0xz  T_21.0, 8;
    %pushi/vec4 1, 0, 1;
    %assign/vec4 v0x62c3775bb960_0, 0;
    %jmp T_21.1;
T_21.0 ;
    %load/vec4 v0x62c3775bba20_0;
    %assign/vec4 v0x62c3775bb960_0, 0;
T_21.1 ;
    %jmp T_21;
    .thread T_21;
    .scope S_0x62c3775c0440;
T_22 ;
    %wait E_0x62c3775c0950;
    %load/vec4 v0x62c3775c1040_0;
    %load/vec4 v0x62c3775c1250_0;
    %nor/r;
    %and;
    %flag_set/vec4 8;
    %jmp/0xz  T_22.0, 8;
    %load/vec4 v0x62c3775c1100_0;
    %load/vec4 v0x62c3775c0ea0_0;
    %pad/u 7;
    %ix/vec4 3;
    %ix/load 4, 0, 0; Constant delay
    %assign/vec4/a/d v0x62c3775c0bd0, 0, 4;
T_22.0 ;
    %jmp T_22;
    .thread T_22;
    .scope S_0x62c3775c2af0;
T_23 ;
    %wait E_0x62c3775bd350;
    %load/vec4 v0x62c3775c3140_0;
    %nor/r;
    %flag_set/vec4 8;
    %jmp/0xz  T_23.0, 8;
    %pushi/vec4 0, 0, 12;
    %split/vec4 6;
    %assign/vec4 v0x62c3775c2fb0_0, 0;
    %assign/vec4 v0x62c3775c3080_0, 0;
    %jmp T_23.1;
T_23.0 ;
    %load/vec4 v0x62c3775c2fb0_0;
    %load/vec4 v0x62c3775c2dd0_0;
    %concat/vec4; draw_concat_vec4
    %split/vec4 6;
    %assign/vec4 v0x62c3775c2fb0_0, 0;
    %assign/vec4 v0x62c3775c3080_0, 0;
T_23.1 ;
    %jmp T_23;
    .thread T_23;
    .scope S_0x62c3775c32d0;
T_24 ;
    %wait E_0x62c3775c1770;
    %load/vec4 v0x62c3775c3830_0;
    %nor/r;
    %flag_set/vec4 8;
    %jmp/0xz  T_24.0, 8;
    %pushi/vec4 0, 0, 12;
    %split/vec4 6;
    %assign/vec4 v0x62c3775c3670_0, 0;
    %assign/vec4 v0x62c3775c3730_0, 0;
    %jmp T_24.1;
T_24.0 ;
    %load/vec4 v0x62c3775c3670_0;
    %load/vec4 v0x62c3775c3900_0;
    %concat/vec4; draw_concat_vec4
    %split/vec4 6;
    %assign/vec4 v0x62c3775c3670_0, 0;
    %assign/vec4 v0x62c3775c3730_0, 0;
T_24.1 ;
    %jmp T_24;
    .thread T_24;
    .scope S_0x62c3775c3a70;
T_25 ;
    %wait E_0x62c3775bd350;
    %load/vec4 v0x62c3775c5280_0;
    %nor/r;
    %flag_set/vec4 8;
    %jmp/0xz  T_25.0, 8;
    %pushi/vec4 0, 0, 12;
    %split/vec4 6;
    %assign/vec4 v0x62c3775c50e0_0, 0;
    %assign/vec4 v0x62c3775c4aa0_0, 0;
    %jmp T_25.1;
T_25.0 ;
    %load/vec4 v0x62c3775c4b60_0;
    %load/vec4 v0x62c3775c4f30_0;
    %concat/vec4; draw_concat_vec4
    %split/vec4 6;
    %assign/vec4 v0x62c3775c50e0_0, 0;
    %assign/vec4 v0x62c3775c4aa0_0, 0;
T_25.1 ;
    %jmp T_25;
    .thread T_25;
    .scope S_0x62c3775c3a70;
T_26 ;
    %wait E_0x62c3775bd350;
    %load/vec4 v0x62c3775c5280_0;
    %nor/r;
    %flag_set/vec4 8;
    %jmp/0xz  T_26.0, 8;
    %pushi/vec4 0, 0, 1;
    %assign/vec4 v0x62c3775c4df0_0, 0;
    %jmp T_26.1;
T_26.0 ;
    %load/vec4 v0x62c3775c4e90_0;
    %assign/vec4 v0x62c3775c4df0_0, 0;
T_26.1 ;
    %jmp T_26;
    .thread T_26;
    .scope S_0x62c3775c1430;
T_27 ;
    %wait E_0x62c3775c1770;
    %load/vec4 v0x62c3775c2910_0;
    %nor/r;
    %flag_set/vec4 8;
    %jmp/0xz  T_27.0, 8;
    %pushi/vec4 0, 0, 12;
    %split/vec4 6;
    %assign/vec4 v0x62c3775c2750_0, 0;
    %assign/vec4 v0x62c3775c20c0_0, 0;
    %jmp T_27.1;
T_27.0 ;
    %load/vec4 v0x62c3775c2180_0;
    %load/vec4 v0x62c3775c24a0_0;
    %concat/vec4; draw_concat_vec4
    %split/vec4 6;
    %assign/vec4 v0x62c3775c2750_0, 0;
    %assign/vec4 v0x62c3775c20c0_0, 0;
T_27.1 ;
    %jmp T_27;
    .thread T_27;
    .scope S_0x62c3775c1430;
T_28 ;
    %wait E_0x62c3775c1770;
    %load/vec4 v0x62c3775c2910_0;
    %nor/r;
    %flag_set/vec4 8;
    %jmp/0xz  T_28.0, 8;
    %pushi/vec4 1, 0, 1;
    %assign/vec4 v0x62c3775c2320_0, 0;
    %jmp T_28.1;
T_28.0 ;
    %load/vec4 v0x62c3775c23e0_0;
    %assign/vec4 v0x62c3775c2320_0, 0;
T_28.1 ;
    %jmp T_28;
    .thread T_28;
    .scope S_0x62c3775c7180;
T_29 ;
    %wait E_0x62c3775c7690;
    %load/vec4 v0x62c3775c7d80_0;
    %load/vec4 v0x62c3775c7f20_0;
    %nor/r;
    %and;
    %flag_set/vec4 8;
    %jmp/0xz  T_29.0, 8;
    %load/vec4 v0x62c3775c7e40_0;
    %load/vec4 v0x62c3775c7be0_0;
    %pad/u 7;
    %ix/vec4 3;
    %ix/load 4, 0, 0; Constant delay
    %assign/vec4/a/d v0x62c3775c7910, 0, 4;
T_29.0 ;
    %jmp T_29;
    .thread T_29;
    .scope S_0x62c3775c9810;
T_30 ;
    %wait E_0x62c3775c3d40;
    %load/vec4 v0x62c3775c9e00_0;
    %nor/r;
    %flag_set/vec4 8;
    %jmp/0xz  T_30.0, 8;
    %pushi/vec4 0, 0, 12;
    %split/vec4 6;
    %assign/vec4 v0x62c3775c9c70_0, 0;
    %assign/vec4 v0x62c3775c9d40_0, 0;
    %jmp T_30.1;
T_30.0 ;
    %load/vec4 v0x62c3775c9c70_0;
    %load/vec4 v0x62c3775c9a90_0;
    %concat/vec4; draw_concat_vec4
    %split/vec4 6;
    %assign/vec4 v0x62c3775c9c70_0, 0;
    %assign/vec4 v0x62c3775c9d40_0, 0;
T_30.1 ;
    %jmp T_30;
    .thread T_30;
    .scope S_0x62c3775c9f90;
T_31 ;
    %wait E_0x62c3775c8490;
    %load/vec4 v0x62c3775ca560_0;
    %nor/r;
    %flag_set/vec4 8;
    %jmp/0xz  T_31.0, 8;
    %pushi/vec4 0, 0, 12;
    %split/vec4 6;
    %assign/vec4 v0x62c3775ca3a0_0, 0;
    %assign/vec4 v0x62c3775ca460_0, 0;
    %jmp T_31.1;
T_31.0 ;
    %load/vec4 v0x62c3775ca3a0_0;
    %load/vec4 v0x62c3775ca630_0;
    %concat/vec4; draw_concat_vec4
    %split/vec4 6;
    %assign/vec4 v0x62c3775ca3a0_0, 0;
    %assign/vec4 v0x62c3775ca460_0, 0;
T_31.1 ;
    %jmp T_31;
    .thread T_31;
    .scope S_0x62c3775ca7a0;
T_32 ;
    %wait E_0x62c3775c3d40;
    %load/vec4 v0x62c3775cbfb0_0;
    %nor/r;
    %flag_set/vec4 8;
    %jmp/0xz  T_32.0, 8;
    %pushi/vec4 0, 0, 12;
    %split/vec4 6;
    %assign/vec4 v0x62c3775cbe10_0, 0;
    %assign/vec4 v0x62c3775cb7d0_0, 0;
    %jmp T_32.1;
T_32.0 ;
    %load/vec4 v0x62c3775cb890_0;
    %load/vec4 v0x62c3775cbc60_0;
    %concat/vec4; draw_concat_vec4
    %split/vec4 6;
    %assign/vec4 v0x62c3775cbe10_0, 0;
    %assign/vec4 v0x62c3775cb7d0_0, 0;
T_32.1 ;
    %jmp T_32;
    .thread T_32;
    .scope S_0x62c3775ca7a0;
T_33 ;
    %wait E_0x62c3775c3d40;
    %load/vec4 v0x62c3775cbfb0_0;
    %nor/r;
    %flag_set/vec4 8;
    %jmp/0xz  T_33.0, 8;
    %pushi/vec4 0, 0, 1;
    %assign/vec4 v0x62c3775cbb20_0, 0;
    %jmp T_33.1;
T_33.0 ;
    %load/vec4 v0x62c3775cbbc0_0;
    %assign/vec4 v0x62c3775cbb20_0, 0;
T_33.1 ;
    %jmp T_33;
    .thread T_33;
    .scope S_0x62c3775c8100;
T_34 ;
    %wait E_0x62c3775c8490;
    %load/vec4 v0x62c3775c9630_0;
    %nor/r;
    %flag_set/vec4 8;
    %jmp/0xz  T_34.0, 8;
    %pushi/vec4 0, 0, 12;
    %split/vec4 6;
    %assign/vec4 v0x62c3775c9470_0, 0;
    %assign/vec4 v0x62c3775c8de0_0, 0;
    %jmp T_34.1;
T_34.0 ;
    %load/vec4 v0x62c3775c8ea0_0;
    %load/vec4 v0x62c3775c91c0_0;
    %concat/vec4; draw_concat_vec4
    %split/vec4 6;
    %assign/vec4 v0x62c3775c9470_0, 0;
    %assign/vec4 v0x62c3775c8de0_0, 0;
T_34.1 ;
    %jmp T_34;
    .thread T_34;
    .scope S_0x62c3775c8100;
T_35 ;
    %wait E_0x62c3775c8490;
    %load/vec4 v0x62c3775c9630_0;
    %nor/r;
    %flag_set/vec4 8;
    %jmp/0xz  T_35.0, 8;
    %pushi/vec4 1, 0, 1;
    %assign/vec4 v0x62c3775c9040_0, 0;
    %jmp T_35.1;
T_35.0 ;
    %load/vec4 v0x62c3775c9100_0;
    %assign/vec4 v0x62c3775c9040_0, 0;
T_35.1 ;
    %jmp T_35;
    .thread T_35;
    .scope S_0x62c3775cdb60;
T_36 ;
    %wait E_0x62c3775ce070;
    %load/vec4 v0x62c3775ce760_0;
    %load/vec4 v0x62c3775ce8e0_0;
    %nor/r;
    %and;
    %flag_set/vec4 8;
    %jmp/0xz  T_36.0, 8;
    %load/vec4 v0x62c3775ce820_0;
    %load/vec4 v0x62c3775ce5c0_0;
    %pad/u 7;
    %ix/vec4 3;
    %ix/load 4, 0, 0; Constant delay
    %assign/vec4/a/d v0x62c3775ce2f0, 0, 4;
T_36.0 ;
    %jmp T_36;
    .thread T_36;
    .scope S_0x62c3775d0220;
T_37 ;
    %wait E_0x62c3775caa70;
    %load/vec4 v0x62c3775d08b0_0;
    %nor/r;
    %flag_set/vec4 8;
    %jmp/0xz  T_37.0, 8;
    %pushi/vec4 0, 0, 12;
    %split/vec4 6;
    %assign/vec4 v0x62c3775d0720_0, 0;
    %assign/vec4 v0x62c3775d07f0_0, 0;
    %jmp T_37.1;
T_37.0 ;
    %load/vec4 v0x62c3775d0720_0;
    %load/vec4 v0x62c3775d0540_0;
    %concat/vec4; draw_concat_vec4
    %split/vec4 6;
    %assign/vec4 v0x62c3775d0720_0, 0;
    %assign/vec4 v0x62c3775d07f0_0, 0;
T_37.1 ;
    %jmp T_37;
    .thread T_37;
    .scope S_0x62c3775d0a40;
T_38 ;
    %wait E_0x62c3775ceea0;
    %load/vec4 v0x62c3775d1010_0;
    %nor/r;
    %flag_set/vec4 8;
    %jmp/0xz  T_38.0, 8;
    %pushi/vec4 0, 0, 12;
    %split/vec4 6;
    %assign/vec4 v0x62c3775d0e50_0, 0;
    %assign/vec4 v0x62c3775d0f10_0, 0;
    %jmp T_38.1;
T_38.0 ;
    %load/vec4 v0x62c3775d0e50_0;
    %load/vec4 v0x62c3775d10e0_0;
    %concat/vec4; draw_concat_vec4
    %split/vec4 6;
    %assign/vec4 v0x62c3775d0e50_0, 0;
    %assign/vec4 v0x62c3775d0f10_0, 0;
T_38.1 ;
    %jmp T_38;
    .thread T_38;
    .scope S_0x62c3775d1250;
T_39 ;
    %wait E_0x62c3775caa70;
    %load/vec4 v0x62c3775d2a60_0;
    %nor/r;
    %flag_set/vec4 8;
    %jmp/0xz  T_39.0, 8;
    %pushi/vec4 0, 0, 12;
    %split/vec4 6;
    %assign/vec4 v0x62c3775d28c0_0, 0;
    %assign/vec4 v0x62c3775d2280_0, 0;
    %jmp T_39.1;
T_39.0 ;
    %load/vec4 v0x62c3775d2340_0;
    %load/vec4 v0x62c3775d2710_0;
    %concat/vec4; draw_concat_vec4
    %split/vec4 6;
    %assign/vec4 v0x62c3775d28c0_0, 0;
    %assign/vec4 v0x62c3775d2280_0, 0;
T_39.1 ;
    %jmp T_39;
    .thread T_39;
    .scope S_0x62c3775d1250;
T_40 ;
    %wait E_0x62c3775caa70;
    %load/vec4 v0x62c3775d2a60_0;
    %nor/r;
    %flag_set/vec4 8;
    %jmp/0xz  T_40.0, 8;
    %pushi/vec4 0, 0, 1;
    %assign/vec4 v0x62c3775d25d0_0, 0;
    %jmp T_40.1;
T_40.0 ;
    %load/vec4 v0x62c3775d2670_0;
    %assign/vec4 v0x62c3775d25d0_0, 0;
T_40.1 ;
    %jmp T_40;
    .thread T_40;
    .scope S_0x62c3775ceac0;
T_41 ;
    %wait E_0x62c3775ceea0;
    %load/vec4 v0x62c3775d0040_0;
    %nor/r;
    %flag_set/vec4 8;
    %jmp/0xz  T_41.0, 8;
    %pushi/vec4 0, 0, 12;
    %split/vec4 6;
    %assign/vec4 v0x62c3775cfe80_0, 0;
    %assign/vec4 v0x62c3775cf7f0_0, 0;
    %jmp T_41.1;
T_41.0 ;
    %load/vec4 v0x62c3775cf8b0_0;
    %load/vec4 v0x62c3775cfbd0_0;
    %concat/vec4; draw_concat_vec4
    %split/vec4 6;
    %assign/vec4 v0x62c3775cfe80_0, 0;
    %assign/vec4 v0x62c3775cf7f0_0, 0;
T_41.1 ;
    %jmp T_41;
    .thread T_41;
    .scope S_0x62c3775ceac0;
T_42 ;
    %wait E_0x62c3775ceea0;
    %load/vec4 v0x62c3775d0040_0;
    %nor/r;
    %flag_set/vec4 8;
    %jmp/0xz  T_42.0, 8;
    %pushi/vec4 1, 0, 1;
    %assign/vec4 v0x62c3775cfa50_0, 0;
    %jmp T_42.1;
T_42.0 ;
    %load/vec4 v0x62c3775cfb10_0;
    %assign/vec4 v0x62c3775cfa50_0, 0;
T_42.1 ;
    %jmp T_42;
    .thread T_42;
    .scope S_0x62c3775d4610;
T_43 ;
    %wait E_0x62c3775d4b20;
    %load/vec4 v0x62c3775d5210_0;
    %load/vec4 v0x62c3775d5420_0;
    %nor/r;
    %and;
    %flag_set/vec4 8;
    %jmp/0xz  T_43.0, 8;
    %load/vec4 v0x62c3775d52d0_0;
    %load/vec4 v0x62c3775d5070_0;
    %pad/u 7;
    %ix/vec4 3;
    %ix/load 4, 0, 0; Constant delay
    %assign/vec4/a/d v0x62c3775d4da0, 0, 4;
T_43.0 ;
    %jmp T_43;
    .thread T_43;
    .scope S_0x62c3775d6cc0;
T_44 ;
    %wait E_0x62c3775d1520;
    %load/vec4 v0x62c3775d7380_0;
    %nor/r;
    %flag_set/vec4 8;
    %jmp/0xz  T_44.0, 8;
    %pushi/vec4 0, 0, 12;
    %split/vec4 6;
    %assign/vec4 v0x62c3775d71f0_0, 0;
    %assign/vec4 v0x62c3775d72c0_0, 0;
    %jmp T_44.1;
T_44.0 ;
    %load/vec4 v0x62c3775d71f0_0;
    %load/vec4 v0x62c3775d7010_0;
    %concat/vec4; draw_concat_vec4
    %split/vec4 6;
    %assign/vec4 v0x62c3775d71f0_0, 0;
    %assign/vec4 v0x62c3775d72c0_0, 0;
T_44.1 ;
    %jmp T_44;
    .thread T_44;
    .scope S_0x62c3775d7510;
T_45 ;
    %wait E_0x62c3775d5940;
    %load/vec4 v0x62c3775d7ae0_0;
    %nor/r;
    %flag_set/vec4 8;
    %jmp/0xz  T_45.0, 8;
    %pushi/vec4 0, 0, 12;
    %split/vec4 6;
    %assign/vec4 v0x62c3775d7920_0, 0;
    %assign/vec4 v0x62c3775d79e0_0, 0;
    %jmp T_45.1;
T_45.0 ;
    %load/vec4 v0x62c3775d7920_0;
    %load/vec4 v0x62c3775d7bb0_0;
    %concat/vec4; draw_concat_vec4
    %split/vec4 6;
    %assign/vec4 v0x62c3775d7920_0, 0;
    %assign/vec4 v0x62c3775d79e0_0, 0;
T_45.1 ;
    %jmp T_45;
    .thread T_45;
    .scope S_0x62c3775d7d20;
T_46 ;
    %wait E_0x62c3775d1520;
    %load/vec4 v0x62c3775d9530_0;
    %nor/r;
    %flag_set/vec4 8;
    %jmp/0xz  T_46.0, 8;
    %pushi/vec4 0, 0, 12;
    %split/vec4 6;
    %assign/vec4 v0x62c3775d9390_0, 0;
    %assign/vec4 v0x62c3775d8d50_0, 0;
    %jmp T_46.1;
T_46.0 ;
    %load/vec4 v0x62c3775d8e10_0;
    %load/vec4 v0x62c3775d91e0_0;
    %concat/vec4; draw_concat_vec4
    %split/vec4 6;
    %assign/vec4 v0x62c3775d9390_0, 0;
    %assign/vec4 v0x62c3775d8d50_0, 0;
T_46.1 ;
    %jmp T_46;
    .thread T_46;
    .scope S_0x62c3775d7d20;
T_47 ;
    %wait E_0x62c3775d1520;
    %load/vec4 v0x62c3775d9530_0;
    %nor/r;
    %flag_set/vec4 8;
    %jmp/0xz  T_47.0, 8;
    %pushi/vec4 0, 0, 1;
    %assign/vec4 v0x62c3775d90a0_0, 0;
    %jmp T_47.1;
T_47.0 ;
    %load/vec4 v0x62c3775d9140_0;
    %assign/vec4 v0x62c3775d90a0_0, 0;
T_47.1 ;
    %jmp T_47;
    .thread T_47;
    .scope S_0x62c3775d5600;
T_48 ;
    %wait E_0x62c3775d5940;
    %load/vec4 v0x62c3775d6ae0_0;
    %nor/r;
    %flag_set/vec4 8;
    %jmp/0xz  T_48.0, 8;
    %pushi/vec4 0, 0, 12;
    %split/vec4 6;
    %assign/vec4 v0x62c3775d6920_0, 0;
    %assign/vec4 v0x62c3775d6290_0, 0;
    %jmp T_48.1;
T_48.0 ;
    %load/vec4 v0x62c3775d6350_0;
    %load/vec4 v0x62c3775d6670_0;
    %concat/vec4; draw_concat_vec4
    %split/vec4 6;
    %assign/vec4 v0x62c3775d6920_0, 0;
    %assign/vec4 v0x62c3775d6290_0, 0;
T_48.1 ;
    %jmp T_48;
    .thread T_48;
    .scope S_0x62c3775d5600;
T_49 ;
    %wait E_0x62c3775d5940;
    %load/vec4 v0x62c3775d6ae0_0;
    %nor/r;
    %flag_set/vec4 8;
    %jmp/0xz  T_49.0, 8;
    %pushi/vec4 1, 0, 1;
    %assign/vec4 v0x62c3775d64f0_0, 0;
    %jmp T_49.1;
T_49.0 ;
    %load/vec4 v0x62c3775d65b0_0;
    %assign/vec4 v0x62c3775d64f0_0, 0;
T_49.1 ;
    %jmp T_49;
    .thread T_49;
    .scope S_0x62c3775db3e0;
T_50 ;
    %wait E_0x62c3775db8f0;
    %load/vec4 v0x62c3775dbfe0_0;
    %load/vec4 v0x62c3775dc180_0;
    %nor/r;
    %and;
    %flag_set/vec4 8;
    %jmp/0xz  T_50.0, 8;
    %load/vec4 v0x62c3775dc0a0_0;
    %load/vec4 v0x62c3775dbe40_0;
    %pad/u 7;
    %ix/vec4 3;
    %ix/load 4, 0, 0; Constant delay
    %assign/vec4/a/d v0x62c3775dbb70, 0, 4;
T_50.0 ;
    %jmp T_50;
    .thread T_50;
    .scope S_0x62c3775dda70;
T_51 ;
    %wait E_0x62c3775d7ff0;
    %load/vec4 v0x62c3775de100_0;
    %nor/r;
    %flag_set/vec4 8;
    %jmp/0xz  T_51.0, 8;
    %pushi/vec4 0, 0, 12;
    %split/vec4 6;
    %assign/vec4 v0x62c3775ddf70_0, 0;
    %assign/vec4 v0x62c3775de040_0, 0;
    %jmp T_51.1;
T_51.0 ;
    %load/vec4 v0x62c3775ddf70_0;
    %load/vec4 v0x62c3775ddd90_0;
    %concat/vec4; draw_concat_vec4
    %split/vec4 6;
    %assign/vec4 v0x62c3775ddf70_0, 0;
    %assign/vec4 v0x62c3775de040_0, 0;
T_51.1 ;
    %jmp T_51;
    .thread T_51;
    .scope S_0x62c3775de290;
T_52 ;
    %wait E_0x62c3775dc6f0;
    %load/vec4 v0x62c3775de860_0;
    %nor/r;
    %flag_set/vec4 8;
    %jmp/0xz  T_52.0, 8;
    %pushi/vec4 0, 0, 12;
    %split/vec4 6;
    %assign/vec4 v0x62c3775de6a0_0, 0;
    %assign/vec4 v0x62c3775de760_0, 0;
    %jmp T_52.1;
T_52.0 ;
    %load/vec4 v0x62c3775de6a0_0;
    %load/vec4 v0x62c3775de930_0;
    %concat/vec4; draw_concat_vec4
    %split/vec4 6;
    %assign/vec4 v0x62c3775de6a0_0, 0;
    %assign/vec4 v0x62c3775de760_0, 0;
T_52.1 ;
    %jmp T_52;
    .thread T_52;
    .scope S_0x62c3775deaa0;
T_53 ;
    %wait E_0x62c3775d7ff0;
    %load/vec4 v0x62c3775e02b0_0;
    %nor/r;
    %flag_set/vec4 8;
    %jmp/0xz  T_53.0, 8;
    %pushi/vec4 0, 0, 12;
    %split/vec4 6;
    %assign/vec4 v0x62c3775e0110_0, 0;
    %assign/vec4 v0x62c3775dfad0_0, 0;
    %jmp T_53.1;
T_53.0 ;
    %load/vec4 v0x62c3775dfb90_0;
    %load/vec4 v0x62c3775dff60_0;
    %concat/vec4; draw_concat_vec4
    %split/vec4 6;
    %assign/vec4 v0x62c3775e0110_0, 0;
    %assign/vec4 v0x62c3775dfad0_0, 0;
T_53.1 ;
    %jmp T_53;
    .thread T_53;
    .scope S_0x62c3775deaa0;
T_54 ;
    %wait E_0x62c3775d7ff0;
    %load/vec4 v0x62c3775e02b0_0;
    %nor/r;
    %flag_set/vec4 8;
    %jmp/0xz  T_54.0, 8;
    %pushi/vec4 0, 0, 1;
    %assign/vec4 v0x62c3775dfe20_0, 0;
    %jmp T_54.1;
T_54.0 ;
    %load/vec4 v0x62c3775dfec0_0;
    %assign/vec4 v0x62c3775dfe20_0, 0;
T_54.1 ;
    %jmp T_54;
    .thread T_54;
    .scope S_0x62c3775dc360;
T_55 ;
    %wait E_0x62c3775dc6f0;
    %load/vec4 v0x62c3775dd890_0;
    %nor/r;
    %flag_set/vec4 8;
    %jmp/0xz  T_55.0, 8;
    %pushi/vec4 0, 0, 12;
    %split/vec4 6;
    %assign/vec4 v0x62c3775dd6d0_0, 0;
    %assign/vec4 v0x62c3775dd040_0, 0;
    %jmp T_55.1;
T_55.0 ;
    %load/vec4 v0x62c3775dd100_0;
    %load/vec4 v0x62c3775dd420_0;
    %concat/vec4; draw_concat_vec4
    %split/vec4 6;
    %assign/vec4 v0x62c3775dd6d0_0, 0;
    %assign/vec4 v0x62c3775dd040_0, 0;
T_55.1 ;
    %jmp T_55;
    .thread T_55;
    .scope S_0x62c3775dc360;
T_56 ;
    %wait E_0x62c3775dc6f0;
    %load/vec4 v0x62c3775dd890_0;
    %nor/r;
    %flag_set/vec4 8;
    %jmp/0xz  T_56.0, 8;
    %pushi/vec4 1, 0, 1;
    %assign/vec4 v0x62c3775dd2a0_0, 0;
    %jmp T_56.1;
T_56.0 ;
    %load/vec4 v0x62c3775dd360_0;
    %assign/vec4 v0x62c3775dd2a0_0, 0;
T_56.1 ;
    %jmp T_56;
    .thread T_56;
    .scope S_0x62c3775e1e60;
T_57 ;
    %wait E_0x62c3775e2370;
    %load/vec4 v0x62c3775e2a60_0;
    %load/vec4 v0x62c3775e2be0_0;
    %nor/r;
    %and;
    %flag_set/vec4 8;
    %jmp/0xz  T_57.0, 8;
    %load/vec4 v0x62c3775e2b20_0;
    %load/vec4 v0x62c3775e28c0_0;
    %pad/u 7;
    %ix/vec4 3;
    %ix/load 4, 0, 0; Constant delay
    %assign/vec4/a/d v0x62c3775e25f0, 0, 4;
T_57.0 ;
    %jmp T_57;
    .thread T_57;
    .scope S_0x62c3775e4520;
T_58 ;
    %wait E_0x62c3775ded70;
    %load/vec4 v0x62c3775e4bb0_0;
    %nor/r;
    %flag_set/vec4 8;
    %jmp/0xz  T_58.0, 8;
    %pushi/vec4 0, 0, 12;
    %split/vec4 6;
    %assign/vec4 v0x62c3775e4a20_0, 0;
    %assign/vec4 v0x62c3775e4af0_0, 0;
    %jmp T_58.1;
T_58.0 ;
    %load/vec4 v0x62c3775e4a20_0;
    %load/vec4 v0x62c3775e4840_0;
    %concat/vec4; draw_concat_vec4
    %split/vec4 6;
    %assign/vec4 v0x62c3775e4a20_0, 0;
    %assign/vec4 v0x62c3775e4af0_0, 0;
T_58.1 ;
    %jmp T_58;
    .thread T_58;
    .scope S_0x62c3775e4d40;
T_59 ;
    %wait E_0x62c3775e31a0;
    %load/vec4 v0x62c3775e5310_0;
    %nor/r;
    %flag_set/vec4 8;
    %jmp/0xz  T_59.0, 8;
    %pushi/vec4 0, 0, 12;
    %split/vec4 6;
    %assign/vec4 v0x62c3775e5150_0, 0;
    %assign/vec4 v0x62c3775e5210_0, 0;
    %jmp T_59.1;
T_59.0 ;
    %load/vec4 v0x62c3775e5150_0;
    %load/vec4 v0x62c3775e53e0_0;
    %concat/vec4; draw_concat_vec4
    %split/vec4 6;
    %assign/vec4 v0x62c3775e5150_0, 0;
    %assign/vec4 v0x62c3775e5210_0, 0;
T_59.1 ;
    %jmp T_59;
    .thread T_59;
    .scope S_0x62c3775e5550;
T_60 ;
    %wait E_0x62c3775ded70;
    %load/vec4 v0x62c3775e6d60_0;
    %nor/r;
    %flag_set/vec4 8;
    %jmp/0xz  T_60.0, 8;
    %pushi/vec4 0, 0, 12;
    %split/vec4 6;
    %assign/vec4 v0x62c3775e6bc0_0, 0;
    %assign/vec4 v0x62c3775e6580_0, 0;
    %jmp T_60.1;
T_60.0 ;
    %load/vec4 v0x62c3775e6640_0;
    %load/vec4 v0x62c3775e6a10_0;
    %concat/vec4; draw_concat_vec4
    %split/vec4 6;
    %assign/vec4 v0x62c3775e6bc0_0, 0;
    %assign/vec4 v0x62c3775e6580_0, 0;
T_60.1 ;
    %jmp T_60;
    .thread T_60;
    .scope S_0x62c3775e5550;
T_61 ;
    %wait E_0x62c3775ded70;
    %load/vec4 v0x62c3775e6d60_0;
    %nor/r;
    %flag_set/vec4 8;
    %jmp/0xz  T_61.0, 8;
    %pushi/vec4 0, 0, 1;
    %assign/vec4 v0x62c3775e68d0_0, 0;
    %jmp T_61.1;
T_61.0 ;
    %load/vec4 v0x62c3775e6970_0;
    %assign/vec4 v0x62c3775e68d0_0, 0;
T_61.1 ;
    %jmp T_61;
    .thread T_61;
    .scope S_0x62c3775e2dc0;
T_62 ;
    %wait E_0x62c3775e31a0;
    %load/vec4 v0x62c3775e4340_0;
    %nor/r;
    %flag_set/vec4 8;
    %jmp/0xz  T_62.0, 8;
    %pushi/vec4 0, 0, 12;
    %split/vec4 6;
    %assign/vec4 v0x62c3775e4180_0, 0;
    %assign/vec4 v0x62c3775e3af0_0, 0;
    %jmp T_62.1;
T_62.0 ;
    %load/vec4 v0x62c3775e3bb0_0;
    %load/vec4 v0x62c3775e3ed0_0;
    %concat/vec4; draw_concat_vec4
    %split/vec4 6;
    %assign/vec4 v0x62c3775e4180_0, 0;
    %assign/vec4 v0x62c3775e3af0_0, 0;
T_62.1 ;
    %jmp T_62;
    .thread T_62;
    .scope S_0x62c3775e2dc0;
T_63 ;
    %wait E_0x62c3775e31a0;
    %load/vec4 v0x62c3775e4340_0;
    %nor/r;
    %flag_set/vec4 8;
    %jmp/0xz  T_63.0, 8;
    %pushi/vec4 1, 0, 1;
    %assign/vec4 v0x62c3775e3d50_0, 0;
    %jmp T_63.1;
T_63.0 ;
    %load/vec4 v0x62c3775e3e10_0;
    %assign/vec4 v0x62c3775e3d50_0, 0;
T_63.1 ;
    %jmp T_63;
    .thread T_63;
    .scope S_0x62c3775e8910;
T_64 ;
    %wait E_0x62c3775e8e20;
    %load/vec4 v0x62c3775e9510_0;
    %load/vec4 v0x62c3775e9720_0;
    %nor/r;
    %and;
    %flag_set/vec4 8;
    %jmp/0xz  T_64.0, 8;
    %load/vec4 v0x62c3775e95d0_0;
    %load/vec4 v0x62c3775e9370_0;
    %pad/u 7;
    %ix/vec4 3;
    %ix/load 4, 0, 0; Constant delay
    %assign/vec4/a/d v0x62c3775e90a0, 0, 4;
T_64.0 ;
    %jmp T_64;
    .thread T_64;
    .scope S_0x62c3775eafc0;
T_65 ;
    %wait E_0x62c3775e5820;
    %load/vec4 v0x62c3775eb680_0;
    %nor/r;
    %flag_set/vec4 8;
    %jmp/0xz  T_65.0, 8;
    %pushi/vec4 0, 0, 12;
    %split/vec4 6;
    %assign/vec4 v0x62c3775eb4f0_0, 0;
    %assign/vec4 v0x62c3775eb5c0_0, 0;
    %jmp T_65.1;
T_65.0 ;
    %load/vec4 v0x62c3775eb4f0_0;
    %load/vec4 v0x62c3775eb310_0;
    %concat/vec4; draw_concat_vec4
    %split/vec4 6;
    %assign/vec4 v0x62c3775eb4f0_0, 0;
    %assign/vec4 v0x62c3775eb5c0_0, 0;
T_65.1 ;
    %jmp T_65;
    .thread T_65;
    .scope S_0x62c3775eb810;
T_66 ;
    %wait E_0x62c3775e9c40;
    %load/vec4 v0x62c3775ebde0_0;
    %nor/r;
    %flag_set/vec4 8;
    %jmp/0xz  T_66.0, 8;
    %pushi/vec4 0, 0, 12;
    %split/vec4 6;
    %assign/vec4 v0x62c3775ebc20_0, 0;
    %assign/vec4 v0x62c3775ebce0_0, 0;
    %jmp T_66.1;
T_66.0 ;
    %load/vec4 v0x62c3775ebc20_0;
    %load/vec4 v0x62c3775ebeb0_0;
    %concat/vec4; draw_concat_vec4
    %split/vec4 6;
    %assign/vec4 v0x62c3775ebc20_0, 0;
    %assign/vec4 v0x62c3775ebce0_0, 0;
T_66.1 ;
    %jmp T_66;
    .thread T_66;
    .scope S_0x62c3775ec020;
T_67 ;
    %wait E_0x62c3775e5820;
    %load/vec4 v0x62c3775ed830_0;
    %nor/r;
    %flag_set/vec4 8;
    %jmp/0xz  T_67.0, 8;
    %pushi/vec4 0, 0, 12;
    %split/vec4 6;
    %assign/vec4 v0x62c3775ed690_0, 0;
    %assign/vec4 v0x62c3775ed050_0, 0;
    %jmp T_67.1;
T_67.0 ;
    %load/vec4 v0x62c3775ed110_0;
    %load/vec4 v0x62c3775ed4e0_0;
    %concat/vec4; draw_concat_vec4
    %split/vec4 6;
    %assign/vec4 v0x62c3775ed690_0, 0;
    %assign/vec4 v0x62c3775ed050_0, 0;
T_67.1 ;
    %jmp T_67;
    .thread T_67;
    .scope S_0x62c3775ec020;
T_68 ;
    %wait E_0x62c3775e5820;
    %load/vec4 v0x62c3775ed830_0;
    %nor/r;
    %flag_set/vec4 8;
    %jmp/0xz  T_68.0, 8;
    %pushi/vec4 0, 0, 1;
    %assign/vec4 v0x62c3775ed3a0_0, 0;
    %jmp T_68.1;
T_68.0 ;
    %load/vec4 v0x62c3775ed440_0;
    %assign/vec4 v0x62c3775ed3a0_0, 0;
T_68.1 ;
    %jmp T_68;
    .thread T_68;
    .scope S_0x62c3775e9900;
T_69 ;
    %wait E_0x62c3775e9c40;
    %load/vec4 v0x62c3775eade0_0;
    %nor/r;
    %flag_set/vec4 8;
    %jmp/0xz  T_69.0, 8;
    %pushi/vec4 0, 0, 12;
    %split/vec4 6;
    %assign/vec4 v0x62c3775eac20_0, 0;
    %assign/vec4 v0x62c3775ea590_0, 0;
    %jmp T_69.1;
T_69.0 ;
    %load/vec4 v0x62c3775ea650_0;
    %load/vec4 v0x62c3775ea970_0;
    %concat/vec4; draw_concat_vec4
    %split/vec4 6;
    %assign/vec4 v0x62c3775eac20_0, 0;
    %assign/vec4 v0x62c3775ea590_0, 0;
T_69.1 ;
    %jmp T_69;
    .thread T_69;
    .scope S_0x62c3775e9900;
T_70 ;
    %wait E_0x62c3775e9c40;
    %load/vec4 v0x62c3775eade0_0;
    %nor/r;
    %flag_set/vec4 8;
    %jmp/0xz  T_70.0, 8;
    %pushi/vec4 1, 0, 1;
    %assign/vec4 v0x62c3775ea7f0_0, 0;
    %jmp T_70.1;
T_70.0 ;
    %load/vec4 v0x62c3775ea8b0_0;
    %assign/vec4 v0x62c3775ea7f0_0, 0;
T_70.1 ;
    %jmp T_70;
    .thread T_70;
    .scope S_0x62c3775602b0;
T_71 ;
    %wait E_0x62c3775b69c0;
    %load/vec4 v0x62c377553ad0_0;
    %nor/r;
    %flag_set/vec4 8;
    %jmp/0xz  T_71.0, 8;
    %pushi/vec4 0, 0, 3;
    %assign/vec4 v0x62c3775622e0_0, 0;
    %pushi/vec4 0, 0, 1;
    %assign/vec4 v0x62c3775757d0_0, 0;
    %pushi/vec4 0, 0, 1;
    %assign/vec4 v0x62c377581490_0, 0;
    %pushi/vec4 0, 0, 1;
    %assign/vec4 v0x62c377581550_0, 0;
    %jmp T_71.1;
T_71.0 ;
    %load/vec4 v0x62c3775622e0_0;
    %addi 1, 0, 3;
    %assign/vec4 v0x62c3775622e0_0, 0;
    %load/vec4 v0x62c3775622e0_0;
    %parti/s 1, 0, 2;
    %assign/vec4 v0x62c3775757d0_0, 0;
    %load/vec4 v0x62c3775622e0_0;
    %parti/s 1, 1, 2;
    %assign/vec4 v0x62c377581490_0, 0;
    %load/vec4 v0x62c3775622e0_0;
    %parti/s 1, 2, 3;
    %assign/vec4 v0x62c377581550_0, 0;
T_71.1 ;
    %jmp T_71;
    .thread T_71;
    .scope S_0x62c377545350;
T_72 ;
    %wait E_0x62c3775454e0;
    %load/vec4 v0x62c377519ea0_0;
    %nor/r;
    %flag_set/vec4 8;
    %jmp/0xz  T_72.0, 8;
    %pushi/vec4 0, 0, 3;
    %assign/vec4 v0x62c377519d90_0, 0;
    %pushi/vec4 0, 0, 1;
    %assign/vec4 v0x62c377536c80_0, 0;
    %pushi/vec4 0, 0, 1;
    %assign/vec4 v0x62c377536d60_0, 0;
    %pushi/vec4 0, 0, 1;
    %assign/vec4 v0x62c377528510_0, 0;
    %jmp T_72.1;
T_72.0 ;
    %load/vec4 v0x62c377519d90_0;
    %addi 1, 0, 3;
    %assign/vec4 v0x62c377519d90_0, 0;
    %load/vec4 v0x62c377519d90_0;
    %parti/s 1, 0, 2;
    %assign/vec4 v0x62c377536c80_0, 0;
    %load/vec4 v0x62c377519d90_0;
    %parti/s 1, 1, 2;
    %assign/vec4 v0x62c377536d60_0, 0;
    %load/vec4 v0x62c377519d90_0;
    %parti/s 1, 2, 3;
    %assign/vec4 v0x62c377528510_0, 0;
T_72.1 ;
    %jmp T_72;
    .thread T_72;
    .scope S_0x62c3774fcfb0;
T_73 ;
    %wait E_0x62c3774fd140;
    %load/vec4 v0x62c377569380_0;
    %nor/r;
    %flag_set/vec4 8;
    %jmp/0xz  T_73.0, 8;
    %pushi/vec4 0, 0, 3;
    %assign/vec4 v0x62c3775640d0_0, 0;
    %pushi/vec4 0, 0, 1;
    %assign/vec4 v0x62c37750b7b0_0, 0;
    %pushi/vec4 0, 0, 1;
    %assign/vec4 v0x62c3774ee9c0_0, 0;
    %pushi/vec4 0, 0, 1;
    %assign/vec4 v0x62c3774eea80_0, 0;
    %jmp T_73.1;
T_73.0 ;
    %load/vec4 v0x62c3775640d0_0;
    %addi 1, 0, 3;
    %assign/vec4 v0x62c3775640d0_0, 0;
    %load/vec4 v0x62c3775640d0_0;
    %parti/s 1, 0, 2;
    %assign/vec4 v0x62c37750b7b0_0, 0;
    %load/vec4 v0x62c3775640d0_0;
    %parti/s 1, 1, 2;
    %assign/vec4 v0x62c3774ee9c0_0, 0;
    %load/vec4 v0x62c3775640d0_0;
    %parti/s 1, 2, 3;
    %assign/vec4 v0x62c3774eea80_0, 0;
T_73.1 ;
    %jmp T_73;
    .thread T_73;
    .scope S_0x62c3775eed10;
T_74 ;
    %wait E_0x62c3775ec2f0;
    %pushi/vec4 0, 0, 1;
    %store/vec4 v0x62c3775f01c0_0, 0, 1;
    %pushi/vec4 0, 0, 1;
    %store/vec4 v0x62c3775f0260_0, 0, 1;
    %pushi/vec4 0, 0, 1;
    %store/vec4 v0x62c3775f0300_0, 0, 1;
    %load/vec4 v0x62c3775efd50_0;
    %flag_set/vec4 8;
    %jmp/0xz  T_74.0, 8;
    %load/vec4 v0x62c3775efbb0_0;
    %dup/vec4;
    %pushi/vec4 0, 0, 2;
    %cmp/u;
    %jmp/1 T_74.2, 6;
    %dup/vec4;
    %pushi/vec4 1, 0, 2;
    %cmp/u;
    %jmp/1 T_74.3, 6;
    %dup/vec4;
    %pushi/vec4 2, 0, 2;
    %cmp/u;
    %jmp/1 T_74.4, 6;
    %jmp T_74.6;
T_74.2 ;
    %load/vec4 v0x62c3775effe0_0;
    %nor/r;
    %store/vec4 v0x62c3775f01c0_0, 0, 1;
    %jmp T_74.6;
T_74.3 ;
    %load/vec4 v0x62c3775f0080_0;
    %nor/r;
    %store/vec4 v0x62c3775f0260_0, 0, 1;
    %jmp T_74.6;
T_74.4 ;
    %load/vec4 v0x62c3775f0120_0;
    %nor/r;
    %store/vec4 v0x62c3775f0300_0, 0, 1;
    %jmp T_74.6;
T_74.6 ;
    %pop/vec4 1;
T_74.0 ;
    %jmp T_74;
    .thread T_74, $push;
    .scope S_0x62c3775f0560;
T_75 ;
    %wait E_0x62c3775f08a0;
    %pushi/vec4 0, 0, 1;
    %store/vec4 v0x62c3775f1a30_0, 0, 1;
    %pushi/vec4 0, 0, 1;
    %store/vec4 v0x62c3775f1ad0_0, 0, 1;
    %pushi/vec4 0, 0, 1;
    %store/vec4 v0x62c3775f1b70_0, 0, 1;
    %load/vec4 v0x62c3775f15c0_0;
    %flag_set/vec4 8;
    %jmp/0xz  T_75.0, 8;
    %load/vec4 v0x62c3775f1420_0;
    %dup/vec4;
    %pushi/vec4 0, 0, 2;
    %cmp/u;
    %jmp/1 T_75.2, 6;
    %dup/vec4;
    %pushi/vec4 1, 0, 2;
    %cmp/u;
    %jmp/1 T_75.3, 6;
    %dup/vec4;
    %pushi/vec4 2, 0, 2;
    %cmp/u;
    %jmp/1 T_75.4, 6;
    %jmp T_75.6;
T_75.2 ;
    %load/vec4 v0x62c3775f1850_0;
    %nor/r;
    %store/vec4 v0x62c3775f1a30_0, 0, 1;
    %jmp T_75.6;
T_75.3 ;
    %load/vec4 v0x62c3775f18f0_0;
    %nor/r;
    %store/vec4 v0x62c3775f1ad0_0, 0, 1;
    %jmp T_75.6;
T_75.4 ;
    %load/vec4 v0x62c3775f1990_0;
    %nor/r;
    %store/vec4 v0x62c3775f1b70_0, 0, 1;
    %jmp T_75.6;
T_75.6 ;
    %pop/vec4 1;
T_75.0 ;
    %jmp T_75;
    .thread T_75, $push;
    .scope S_0x62c3775f1dd0;
T_76 ;
    %wait E_0x62c3775f2150;
    %pushi/vec4 0, 0, 1;
    %store/vec4 v0x62c3775f32e0_0, 0, 1;
    %pushi/vec4 0, 0, 1;
    %store/vec4 v0x62c3775f3380_0, 0, 1;
    %pushi/vec4 0, 0, 1;
    %store/vec4 v0x62c3775f3420_0, 0, 1;
    %load/vec4 v0x62c3775f2e70_0;
    %flag_set/vec4 8;
    %jmp/0xz  T_76.0, 8;
    %load/vec4 v0x62c3775f2cd0_0;
    %dup/vec4;
    %pushi/vec4 0, 0, 2;
    %cmp/u;
    %jmp/1 T_76.2, 6;
    %dup/vec4;
    %pushi/vec4 1, 0, 2;
    %cmp/u;
    %jmp/1 T_76.3, 6;
    %dup/vec4;
    %pushi/vec4 2, 0, 2;
    %cmp/u;
    %jmp/1 T_76.4, 6;
    %jmp T_76.6;
T_76.2 ;
    %load/vec4 v0x62c3775f3100_0;
    %nor/r;
    %store/vec4 v0x62c3775f32e0_0, 0, 1;
    %jmp T_76.6;
T_76.3 ;
    %load/vec4 v0x62c3775f31a0_0;
    %nor/r;
    %store/vec4 v0x62c3775f3380_0, 0, 1;
    %jmp T_76.6;
T_76.4 ;
    %load/vec4 v0x62c3775f3240_0;
    %nor/r;
    %store/vec4 v0x62c3775f3420_0, 0, 1;
    %jmp T_76.6;
T_76.6 ;
    %pop/vec4 1;
T_76.0 ;
    %jmp T_76;
    .thread T_76, $push;
    .scope S_0x62c3775f3680;
T_77 ;
    %wait E_0x62c3775f3b10;
    %pushi/vec4 0, 0, 3;
    %store/vec4 v0x62c3775f4730_0, 0, 3;
    %pushi/vec4 0, 0, 1;
    %store/vec4 v0x62c3775f4fb0_0, 0, 1;
    %pushi/vec4 0, 0, 1;
    %store/vec4 v0x62c3775f50a0_0, 0, 1;
    %pushi/vec4 0, 0, 1;
    %store/vec4 v0x62c3775f5190_0, 0, 1;
    %load/vec4 v0x62c3775f4e10_0;
    %flag_set/vec4 8;
    %jmp/0xz  T_77.0, 8;
    %load/vec4 v0x62c3775f48f0_0;
    %dup/vec4;
    %pushi/vec4 0, 0, 2;
    %cmp/u;
    %jmp/1 T_77.2, 6;
    %dup/vec4;
    %pushi/vec4 1, 0, 2;
    %cmp/u;
    %jmp/1 T_77.3, 6;
    %dup/vec4;
    %pushi/vec4 2, 0, 2;
    %cmp/u;
    %jmp/1 T_77.4, 6;
    %pushi/vec4 0, 0, 3;
    %store/vec4 v0x62c3775f4730_0, 0, 3;
    %jmp T_77.6;
T_77.2 ;
    %load/vec4 v0x62c3775f4ed0_0;
    %parti/s 1, 0, 2;
    %flag_set/vec4 8;
    %jmp/0xz  T_77.7, 8;
    %pushi/vec4 1, 0, 3;
    %store/vec4 v0x62c3775f4730_0, 0, 3;
    %jmp T_77.8;
T_77.7 ;
    %load/vec4 v0x62c3775f4ed0_0;
    %parti/s 1, 1, 2;
    %flag_set/vec4 8;
    %jmp/0xz  T_77.9, 8;
    %pushi/vec4 2, 0, 3;
    %store/vec4 v0x62c3775f4730_0, 0, 3;
    %jmp T_77.10;
T_77.9 ;
    %load/vec4 v0x62c3775f4ed0_0;
    %parti/s 1, 2, 3;
    %flag_set/vec4 8;
    %jmp/0xz  T_77.11, 8;
    %pushi/vec4 4, 0, 3;
    %store/vec4 v0x62c3775f4730_0, 0, 3;
T_77.11 ;
T_77.10 ;
T_77.8 ;
    %jmp T_77.6;
T_77.3 ;
    %load/vec4 v0x62c3775f4ed0_0;
    %parti/s 1, 1, 2;
    %flag_set/vec4 8;
    %jmp/0xz  T_77.13, 8;
    %pushi/vec4 2, 0, 3;
    %store/vec4 v0x62c3775f4730_0, 0, 3;
    %jmp T_77.14;
T_77.13 ;
    %load/vec4 v0x62c3775f4ed0_0;
    %parti/s 1, 2, 3;
    %flag_set/vec4 8;
    %jmp/0xz  T_77.15, 8;
    %pushi/vec4 4, 0, 3;
    %store/vec4 v0x62c3775f4730_0, 0, 3;
    %jmp T_77.16;
T_77.15 ;
    %load/vec4 v0x62c3775f4ed0_0;
    %parti/s 1, 0, 2;
    %flag_set/vec4 8;
    %jmp/0xz  T_77.17, 8;
    %pushi/vec4 1, 0, 3;
    %store/vec4 v0x62c3775f4730_0, 0, 3;
T_77.17 ;
T_77.16 ;
T_77.14 ;
    %jmp T_77.6;
T_77.4 ;
    %load/vec4 v0x62c3775f4ed0_0;
    %parti/s 1, 2, 3;
    %flag_set/vec4 8;
    %jmp/0xz  T_77.19, 8;
    %pushi/vec4 4, 0, 3;
    %store/vec4 v0x62c3775f4730_0, 0, 3;
    %jmp T_77.20;
T_77.19 ;
    %load/vec4 v0x62c3775f4ed0_0;
    %parti/s 1, 0, 2;
    %flag_set/vec4 8;
    %jmp/0xz  T_77.21, 8;
    %pushi/vec4 1, 0, 3;
    %store/vec4 v0x62c3775f4730_0, 0, 3;
    %jmp T_77.22;
T_77.21 ;
    %load/vec4 v0x62c3775f4ed0_0;
    %parti/s 1, 1, 2;
    %flag_set/vec4 8;
    %jmp/0xz  T_77.23, 8;
    %pushi/vec4 2, 0, 3;
    %store/vec4 v0x62c3775f4730_0, 0, 3;
T_77.23 ;
T_77.22 ;
T_77.20 ;
    %jmp T_77.6;
T_77.6 ;
    %pop/vec4 1;
T_77.0 ;
    %load/vec4 v0x62c3775f4730_0;
    %parti/s 1, 0, 2;
    %store/vec4 v0x62c3775f4fb0_0, 0, 1;
    %load/vec4 v0x62c3775f4730_0;
    %parti/s 1, 1, 2;
    %store/vec4 v0x62c3775f50a0_0, 0, 1;
    %load/vec4 v0x62c3775f4730_0;
    %parti/s 1, 2, 3;
    %store/vec4 v0x62c3775f5190_0, 0, 1;
    %jmp T_77;
    .thread T_77, $push;
    .scope S_0x62c3775f3680;
T_78 ;
    %wait E_0x62c3775f3a90;
    %load/vec4 v0x62c3775f5320_0;
    %store/vec4 v0x62c3775f4810_0, 0, 64;
    %pushi/vec4 0, 0, 32;
    %store/vec4 v0x62c3775f53e0_0, 0, 32;
T_78.0 ;
    %load/vec4 v0x62c3775f53e0_0;
    %cmpi/s 12, 0, 32;
    %jmp/0xz T_78.1, 5;
    %load/vec4 v0x62c3775f4810_0;
    %load/vec4 v0x62c3775f4810_0;
    %ix/load 4, 3, 0;
    %flag_set/imm 4, 0;
    %shiftl 4;
    %xor;
    %pushi/vec4 2779096485, 0, 32;
    %concati/vec4 1515870810, 0, 32;
    %add;
    %load/vec4 v0x62c3775f53e0_0;
    %pad/u 64;
    %muli 7, 0, 64;
    %add;
    %store/vec4 v0x62c3775f4810_0, 0, 64;
    %load/vec4 v0x62c3775f53e0_0;
    %addi 1, 0, 32;
    %store/vec4 v0x62c3775f53e0_0, 0, 32;
    %jmp T_78.0;
T_78.1 ;
    %jmp T_78;
    .thread T_78, $push;
    .scope S_0x62c3775f3680;
T_79 ;
    %wait E_0x62c3774fd140;
    %load/vec4 v0x62c3775f5280_0;
    %nor/r;
    %flag_set/vec4 8;
    %jmp/0xz  T_79.0, 8;
    %pushi/vec4 0, 0, 64;
    %assign/vec4 v0x62c3775f43f0_0, 0;
    %pushi/vec4 0, 0, 1;
    %assign/vec4 v0x62c3775f54c0_0, 0;
    %pushi/vec4 0, 0, 2;
    %assign/vec4 v0x62c3775f48f0_0, 0;
    %jmp T_79.1;
T_79.0 ;
    %load/vec4 v0x62c3775f4730_0;
    %or/r;
    %assign/vec4 v0x62c3775f54c0_0, 0;
    %load/vec4 v0x62c3775f4730_0;
    %or/r;
    %flag_set/vec4 8;
    %jmp/0xz  T_79.2, 8;
    %load/vec4 v0x62c3775f4810_0;
    %assign/vec4 v0x62c3775f43f0_0, 0;
    %load/vec4 v0x62c3775f4730_0;
    %parti/s 1, 0, 2;
    %flag_set/vec4 8;
    %jmp/0xz  T_79.4, 8;
    %pushi/vec4 1, 0, 2;
    %assign/vec4 v0x62c3775f48f0_0, 0;
    %jmp T_79.5;
T_79.4 ;
    %load/vec4 v0x62c3775f4730_0;
    %parti/s 1, 1, 2;
    %flag_set/vec4 8;
    %jmp/0xz  T_79.6, 8;
    %pushi/vec4 2, 0, 2;
    %assign/vec4 v0x62c3775f48f0_0, 0;
    %jmp T_79.7;
T_79.6 ;
    %load/vec4 v0x62c3775f4730_0;
    %parti/s 1, 2, 3;
    %flag_set/vec4 8;
    %jmp/0xz  T_79.8, 8;
    %pushi/vec4 0, 0, 2;
    %assign/vec4 v0x62c3775f48f0_0, 0;
T_79.8 ;
T_79.7 ;
T_79.5 ;
T_79.2 ;
T_79.1 ;
    %jmp T_79;
    .thread T_79;
    .scope S_0x62c3775f57c0;
T_80 ;
    %wait E_0x62c3775f5c80;
    %pushi/vec4 0, 0, 3;
    %store/vec4 v0x62c3775f68b0_0, 0, 3;
    %pushi/vec4 0, 0, 1;
    %store/vec4 v0x62c3775f7130_0, 0, 1;
    %pushi/vec4 0, 0, 1;
    %store/vec4 v0x62c3775f7220_0, 0, 1;
    %pushi/vec4 0, 0, 1;
    %store/vec4 v0x62c3775f7310_0, 0, 1;
    %load/vec4 v0x62c3775f6f90_0;
    %flag_set/vec4 8;
    %jmp/0xz  T_80.0, 8;
    %load/vec4 v0x62c3775f6a70_0;
    %dup/vec4;
    %pushi/vec4 0, 0, 2;
    %cmp/u;
    %jmp/1 T_80.2, 6;
    %dup/vec4;
    %pushi/vec4 1, 0, 2;
    %cmp/u;
    %jmp/1 T_80.3, 6;
    %dup/vec4;
    %pushi/vec4 2, 0, 2;
    %cmp/u;
    %jmp/1 T_80.4, 6;
    %pushi/vec4 0, 0, 3;
    %store/vec4 v0x62c3775f68b0_0, 0, 3;
    %jmp T_80.6;
T_80.2 ;
    %load/vec4 v0x62c3775f7050_0;
    %parti/s 1, 0, 2;
    %flag_set/vec4 8;
    %jmp/0xz  T_80.7, 8;
    %pushi/vec4 1, 0, 3;
    %store/vec4 v0x62c3775f68b0_0, 0, 3;
    %jmp T_80.8;
T_80.7 ;
    %load/vec4 v0x62c3775f7050_0;
    %parti/s 1, 1, 2;
    %flag_set/vec4 8;
    %jmp/0xz  T_80.9, 8;
    %pushi/vec4 2, 0, 3;
    %store/vec4 v0x62c3775f68b0_0, 0, 3;
    %jmp T_80.10;
T_80.9 ;
    %load/vec4 v0x62c3775f7050_0;
    %parti/s 1, 2, 3;
    %flag_set/vec4 8;
    %jmp/0xz  T_80.11, 8;
    %pushi/vec4 4, 0, 3;
    %store/vec4 v0x62c3775f68b0_0, 0, 3;
T_80.11 ;
T_80.10 ;
T_80.8 ;
    %jmp T_80.6;
T_80.3 ;
    %load/vec4 v0x62c3775f7050_0;
    %parti/s 1, 1, 2;
    %flag_set/vec4 8;
    %jmp/0xz  T_80.13, 8;
    %pushi/vec4 2, 0, 3;
    %store/vec4 v0x62c3775f68b0_0, 0, 3;
    %jmp T_80.14;
T_80.13 ;
    %load/vec4 v0x62c3775f7050_0;
    %parti/s 1, 2, 3;
    %flag_set/vec4 8;
    %jmp/0xz  T_80.15, 8;
    %pushi/vec4 4, 0, 3;
    %store/vec4 v0x62c3775f68b0_0, 0, 3;
    %jmp T_80.16;
T_80.15 ;
    %load/vec4 v0x62c3775f7050_0;
    %parti/s 1, 0, 2;
    %flag_set/vec4 8;
    %jmp/0xz  T_80.17, 8;
    %pushi/vec4 1, 0, 3;
    %store/vec4 v0x62c3775f68b0_0, 0, 3;
T_80.17 ;
T_80.16 ;
T_80.14 ;
    %jmp T_80.6;
T_80.4 ;
    %load/vec4 v0x62c3775f7050_0;
    %parti/s 1, 2, 3;
    %flag_set/vec4 8;
    %jmp/0xz  T_80.19, 8;
    %pushi/vec4 4, 0, 3;
    %store/vec4 v0x62c3775f68b0_0, 0, 3;
    %jmp T_80.20;
T_80.19 ;
    %load/vec4 v0x62c3775f7050_0;
    %parti/s 1, 0, 2;
    %flag_set/vec4 8;
    %jmp/0xz  T_80.21, 8;
    %pushi/vec4 1, 0, 3;
    %store/vec4 v0x62c3775f68b0_0, 0, 3;
    %jmp T_80.22;
T_80.21 ;
    %load/vec4 v0x62c3775f7050_0;
    %parti/s 1, 1, 2;
    %flag_set/vec4 8;
    %jmp/0xz  T_80.23, 8;
    %pushi/vec4 2, 0, 3;
    %store/vec4 v0x62c3775f68b0_0, 0, 3;
T_80.23 ;
T_80.22 ;
T_80.20 ;
    %jmp T_80.6;
T_80.6 ;
    %pop/vec4 1;
T_80.0 ;
    %load/vec4 v0x62c3775f68b0_0;
    %parti/s 1, 0, 2;
    %store/vec4 v0x62c3775f7130_0, 0, 1;
    %load/vec4 v0x62c3775f68b0_0;
    %parti/s 1, 1, 2;
    %store/vec4 v0x62c3775f7220_0, 0, 1;
    %load/vec4 v0x62c3775f68b0_0;
    %parti/s 1, 2, 3;
    %store/vec4 v0x62c3775f7310_0, 0, 1;
    %jmp T_80;
    .thread T_80, $push;
    .scope S_0x62c3775f57c0;
T_81 ;
    %wait E_0x62c3775f5c20;
    %load/vec4 v0x62c3775f74c0_0;
    %store/vec4 v0x62c3775f6990_0, 0, 64;
    %pushi/vec4 0, 0, 32;
    %store/vec4 v0x62c3775f75a0_0, 0, 32;
T_81.0 ;
    %load/vec4 v0x62c3775f75a0_0;
    %cmpi/s 12, 0, 32;
    %jmp/0xz T_81.1, 5;
    %load/vec4 v0x62c3775f6990_0;
    %load/vec4 v0x62c3775f6990_0;
    %ix/load 4, 3, 0;
    %flag_set/imm 4, 0;
    %shiftl 4;
    %xor;
    %pushi/vec4 2779096485, 0, 32;
    %concati/vec4 1515870810, 0, 32;
    %add;
    %load/vec4 v0x62c3775f75a0_0;
    %pad/u 64;
    %muli 7, 0, 64;
    %add;
    %store/vec4 v0x62c3775f6990_0, 0, 64;
    %load/vec4 v0x62c3775f75a0_0;
    %addi 1, 0, 32;
    %store/vec4 v0x62c3775f75a0_0, 0, 32;
    %jmp T_81.0;
T_81.1 ;
    %jmp T_81;
    .thread T_81, $push;
    .scope S_0x62c3775f57c0;
T_82 ;
    %wait E_0x62c3775f5ba0;
    %load/vec4 v0x62c3775f7400_0;
    %nor/r;
    %flag_set/vec4 8;
    %jmp/0xz  T_82.0, 8;
    %pushi/vec4 0, 0, 64;
    %assign/vec4 v0x62c3775f6550_0, 0;
    %pushi/vec4 0, 0, 1;
    %assign/vec4 v0x62c3775f7680_0, 0;
    %pushi/vec4 0, 0, 2;
    %assign/vec4 v0x62c3775f6a70_0, 0;
    %jmp T_82.1;
T_82.0 ;
    %load/vec4 v0x62c3775f68b0_0;
    %or/r;
    %assign/vec4 v0x62c3775f7680_0, 0;
    %load/vec4 v0x62c3775f68b0_0;
    %or/r;
    %flag_set/vec4 8;
    %jmp/0xz  T_82.2, 8;
    %load/vec4 v0x62c3775f6990_0;
    %assign/vec4 v0x62c3775f6550_0, 0;
    %load/vec4 v0x62c3775f68b0_0;
    %parti/s 1, 0, 2;
    %flag_set/vec4 8;
    %jmp/0xz  T_82.4, 8;
    %pushi/vec4 1, 0, 2;
    %assign/vec4 v0x62c3775f6a70_0, 0;
    %jmp T_82.5;
T_82.4 ;
    %load/vec4 v0x62c3775f68b0_0;
    %parti/s 1, 1, 2;
    %flag_set/vec4 8;
    %jmp/0xz  T_82.6, 8;
    %pushi/vec4 2, 0, 2;
    %assign/vec4 v0x62c3775f6a70_0, 0;
    %jmp T_82.7;
T_82.6 ;
    %load/vec4 v0x62c3775f68b0_0;
    %parti/s 1, 2, 3;
    %flag_set/vec4 8;
    %jmp/0xz  T_82.8, 8;
    %pushi/vec4 0, 0, 2;
    %assign/vec4 v0x62c3775f6a70_0, 0;
T_82.8 ;
T_82.7 ;
T_82.5 ;
T_82.2 ;
T_82.1 ;
    %jmp T_82;
    .thread T_82;
    .scope S_0x62c3775f7980;
T_83 ;
    %wait E_0x62c3775f7e40;
    %pushi/vec4 0, 0, 3;
    %store/vec4 v0x62c3775f8a70_0, 0, 3;
    %pushi/vec4 0, 0, 1;
    %store/vec4 v0x62c3775f92f0_0, 0, 1;
    %pushi/vec4 0, 0, 1;
    %store/vec4 v0x62c3775f93e0_0, 0, 1;
    %pushi/vec4 0, 0, 1;
    %store/vec4 v0x62c3775f94d0_0, 0, 1;
    %load/vec4 v0x62c3775f9150_0;
    %flag_set/vec4 8;
    %jmp/0xz  T_83.0, 8;
    %load/vec4 v0x62c3775f8c30_0;
    %dup/vec4;
    %pushi/vec4 0, 0, 2;
    %cmp/u;
    %jmp/1 T_83.2, 6;
    %dup/vec4;
    %pushi/vec4 1, 0, 2;
    %cmp/u;
    %jmp/1 T_83.3, 6;
    %dup/vec4;
    %pushi/vec4 2, 0, 2;
    %cmp/u;
    %jmp/1 T_83.4, 6;
    %pushi/vec4 0, 0, 3;
    %store/vec4 v0x62c3775f8a70_0, 0, 3;
    %jmp T_83.6;
T_83.2 ;
    %load/vec4 v0x62c3775f9210_0;
    %parti/s 1, 0, 2;
    %flag_set/vec4 8;
    %jmp/0xz  T_83.7, 8;
    %pushi/vec4 1, 0, 3;
    %store/vec4 v0x62c3775f8a70_0, 0, 3;
    %jmp T_83.8;
T_83.7 ;
    %load/vec4 v0x62c3775f9210_0;
    %parti/s 1, 1, 2;
    %flag_set/vec4 8;
    %jmp/0xz  T_83.9, 8;
    %pushi/vec4 2, 0, 3;
    %store/vec4 v0x62c3775f8a70_0, 0, 3;
    %jmp T_83.10;
T_83.9 ;
    %load/vec4 v0x62c3775f9210_0;
    %parti/s 1, 2, 3;
    %flag_set/vec4 8;
    %jmp/0xz  T_83.11, 8;
    %pushi/vec4 4, 0, 3;
    %store/vec4 v0x62c3775f8a70_0, 0, 3;
T_83.11 ;
T_83.10 ;
T_83.8 ;
    %jmp T_83.6;
T_83.3 ;
    %load/vec4 v0x62c3775f9210_0;
    %parti/s 1, 1, 2;
    %flag_set/vec4 8;
    %jmp/0xz  T_83.13, 8;
    %pushi/vec4 2, 0, 3;
    %store/vec4 v0x62c3775f8a70_0, 0, 3;
    %jmp T_83.14;
T_83.13 ;
    %load/vec4 v0x62c3775f9210_0;
    %parti/s 1, 2, 3;
    %flag_set/vec4 8;
    %jmp/0xz  T_83.15, 8;
    %pushi/vec4 4, 0, 3;
    %store/vec4 v0x62c3775f8a70_0, 0, 3;
    %jmp T_83.16;
T_83.15 ;
    %load/vec4 v0x62c3775f9210_0;
    %parti/s 1, 0, 2;
    %flag_set/vec4 8;
    %jmp/0xz  T_83.17, 8;
    %pushi/vec4 1, 0, 3;
    %store/vec4 v0x62c3775f8a70_0, 0, 3;
T_83.17 ;
T_83.16 ;
T_83.14 ;
    %jmp T_83.6;
T_83.4 ;
    %load/vec4 v0x62c3775f9210_0;
    %parti/s 1, 2, 3;
    %flag_set/vec4 8;
    %jmp/0xz  T_83.19, 8;
    %pushi/vec4 4, 0, 3;
    %store/vec4 v0x62c3775f8a70_0, 0, 3;
    %jmp T_83.20;
T_83.19 ;
    %load/vec4 v0x62c3775f9210_0;
    %parti/s 1, 0, 2;
    %flag_set/vec4 8;
    %jmp/0xz  T_83.21, 8;
    %pushi/vec4 1, 0, 3;
    %store/vec4 v0x62c3775f8a70_0, 0, 3;
    %jmp T_83.22;
T_83.21 ;
    %load/vec4 v0x62c3775f9210_0;
    %parti/s 1, 1, 2;
    %flag_set/vec4 8;
    %jmp/0xz  T_83.23, 8;
    %pushi/vec4 2, 0, 3;
    %store/vec4 v0x62c3775f8a70_0, 0, 3;
T_83.23 ;
T_83.22 ;
T_83.20 ;
    %jmp T_83.6;
T_83.6 ;
    %pop/vec4 1;
T_83.0 ;
    %load/vec4 v0x62c3775f8a70_0;
    %parti/s 1, 0, 2;
    %store/vec4 v0x62c3775f92f0_0, 0, 1;
    %load/vec4 v0x62c3775f8a70_0;
    %parti/s 1, 1, 2;
    %store/vec4 v0x62c3775f93e0_0, 0, 1;
    %load/vec4 v0x62c3775f8a70_0;
    %parti/s 1, 2, 3;
    %store/vec4 v0x62c3775f94d0_0, 0, 1;
    %jmp T_83;
    .thread T_83, $push;
    .scope S_0x62c3775f7980;
T_84 ;
    %wait E_0x62c3775f7de0;
    %load/vec4 v0x62c3775f9680_0;
    %store/vec4 v0x62c3775f8b50_0, 0, 64;
    %pushi/vec4 0, 0, 32;
    %store/vec4 v0x62c3775f9760_0, 0, 32;
T_84.0 ;
    %load/vec4 v0x62c3775f9760_0;
    %cmpi/s 12, 0, 32;
    %jmp/0xz T_84.1, 5;
    %load/vec4 v0x62c3775f8b50_0;
    %load/vec4 v0x62c3775f8b50_0;
    %ix/load 4, 3, 0;
    %flag_set/imm 4, 0;
    %shiftl 4;
    %xor;
    %pushi/vec4 2779096485, 0, 32;
    %concati/vec4 1515870810, 0, 32;
    %add;
    %load/vec4 v0x62c3775f9760_0;
    %pad/u 64;
    %muli 7, 0, 64;
    %add;
    %store/vec4 v0x62c3775f8b50_0, 0, 64;
    %load/vec4 v0x62c3775f9760_0;
    %addi 1, 0, 32;
    %store/vec4 v0x62c3775f9760_0, 0, 32;
    %jmp T_84.0;
T_84.1 ;
    %jmp T_84;
    .thread T_84, $push;
    .scope S_0x62c3775f7980;
T_85 ;
    %wait E_0x62c3775f7d60;
    %load/vec4 v0x62c3775f95c0_0;
    %nor/r;
    %flag_set/vec4 8;
    %jmp/0xz  T_85.0, 8;
    %pushi/vec4 0, 0, 64;
    %assign/vec4 v0x62c3775f8710_0, 0;
    %pushi/vec4 0, 0, 1;
    %assign/vec4 v0x62c3775f9840_0, 0;
    %pushi/vec4 0, 0, 2;
    %assign/vec4 v0x62c3775f8c30_0, 0;
    %jmp T_85.1;
T_85.0 ;
    %load/vec4 v0x62c3775f8a70_0;
    %or/r;
    %assign/vec4 v0x62c3775f9840_0, 0;
    %load/vec4 v0x62c3775f8a70_0;
    %or/r;
    %flag_set/vec4 8;
    %jmp/0xz  T_85.2, 8;
    %load/vec4 v0x62c3775f8b50_0;
    %assign/vec4 v0x62c3775f8710_0, 0;
    %load/vec4 v0x62c3775f8a70_0;
    %parti/s 1, 0, 2;
    %flag_set/vec4 8;
    %jmp/0xz  T_85.4, 8;
    %pushi/vec4 1, 0, 2;
    %assign/vec4 v0x62c3775f8c30_0, 0;
    %jmp T_85.5;
T_85.4 ;
    %load/vec4 v0x62c3775f8a70_0;
    %parti/s 1, 1, 2;
    %flag_set/vec4 8;
    %jmp/0xz  T_85.6, 8;
    %pushi/vec4 2, 0, 2;
    %assign/vec4 v0x62c3775f8c30_0, 0;
    %jmp T_85.7;
T_85.6 ;
    %load/vec4 v0x62c3775f8a70_0;
    %parti/s 1, 2, 3;
    %flag_set/vec4 8;
    %jmp/0xz  T_85.8, 8;
    %pushi/vec4 0, 0, 2;
    %assign/vec4 v0x62c3775f8c30_0, 0;
T_85.8 ;
T_85.7 ;
T_85.5 ;
T_85.2 ;
T_85.1 ;
    %jmp T_85;
    .thread T_85;
    .scope S_0x62c3775433e0;
T_86 ;
    %pushi/vec4 0, 0, 32;
    %store/vec4 v0x62c3775fe450_0, 0, 32;
    %pushi/vec4 0, 0, 32;
    %store/vec4 v0x62c3775fe530_0, 0, 32;
    %pushi/vec4 0, 0, 32;
    %store/vec4 v0x62c3775fe610_0, 0, 32;
    %pushi/vec4 0, 0, 32;
    %store/vec4 v0x62c3775fe0d0_0, 0, 32;
    %end;
    .thread T_86;
    .scope S_0x62c3775433e0;
T_87 ;
    %pushi/vec4 0, 0, 1;
    %store/vec4 v0x62c3775fd8a0_0, 0, 1;
T_87.0 ;
    %delay 4000, 0;
    %load/vec4 v0x62c3775fd8a0_0;
    %inv;
    %store/vec4 v0x62c3775fd8a0_0, 0, 1;
    %jmp T_87.0;
    %end;
    .thread T_87;
    .scope S_0x62c3775433e0;
T_88 ;
    %pushi/vec4 0, 0, 1;
    %store/vec4 v0x62c3775fd960_0, 0, 1;
T_88.0 ;
    %delay 5000, 0;
    %load/vec4 v0x62c3775fd960_0;
    %inv;
    %store/vec4 v0x62c3775fd960_0, 0, 1;
    %jmp T_88.0;
    %end;
    .thread T_88;
    .scope S_0x62c3775433e0;
T_89 ;
    %pushi/vec4 0, 0, 1;
    %store/vec4 v0x62c3775fda00_0, 0, 1;
T_89.0 ;
    %delay 6000, 0;
    %load/vec4 v0x62c3775fda00_0;
    %inv;
    %store/vec4 v0x62c3775fda00_0, 0, 1;
    %jmp T_89.0;
    %end;
    .thread T_89;
    .scope S_0x62c3775433e0;
T_90 ;
    %pushi/vec4 0, 0, 1;
    %store/vec4 v0x62c3775fdaa0_0, 0, 1;
T_90.0 ;
    %delay 3500, 0;
    %load/vec4 v0x62c3775fdaa0_0;
    %inv;
    %store/vec4 v0x62c3775fdaa0_0, 0, 1;
    %jmp T_90.0;
    %end;
    .thread T_90;
    .scope S_0x62c3775433e0;
T_91 ;
    %pushi/vec4 0, 0, 1;
    %store/vec4 v0x62c3775fdb40_0, 0, 1;
T_91.0 ;
    %delay 4500, 0;
    %load/vec4 v0x62c3775fdb40_0;
    %inv;
    %store/vec4 v0x62c3775fdb40_0, 0, 1;
    %jmp T_91.0;
    %end;
    .thread T_91;
    .scope S_0x62c3775433e0;
T_92 ;
    %pushi/vec4 0, 0, 1;
    %store/vec4 v0x62c3775fdbe0_0, 0, 1;
T_92.0 ;
    %delay 5500, 0;
    %load/vec4 v0x62c3775fdbe0_0;
    %inv;
    %store/vec4 v0x62c3775fdbe0_0, 0, 1;
    %jmp T_92.0;
    %end;
    .thread T_92;
    .scope S_0x62c3775433e0;
T_93 ;
    %wait E_0x62c3775b6880;
    %load/vec4 v0x62c3776000a0_0;
    %load/vec4 v0x62c3775feb60_0;
    %and;
    %load/vec4 v0x62c3775fe930_0;
    %and;
    %flag_set/vec4 8;
    %jmp/0xz  T_93.0, 8;
    %pushi/vec4 0, 0, 1;
    %store/vec4 v0x62c3775fdc80_0, 0, 1;
    %pushi/vec4 0, 0, 32;
    %store/vec4 v0x62c3775fe1b0_0, 0, 32;
T_93.2 ;
    %load/vec4 v0x62c3775fe1b0_0;
    %load/vec4 v0x62c3775fe450_0;
    %cmp/s;
    %jmp/0xz T_93.3, 5;
    %ix/getv/s 4, v0x62c3775fe1b0_0;
    %load/vec4a v0x62c3775ffc40, 4;
    %nor/r;
    %load/vec4 v0x62c3775fe7b0_0;
    %ix/getv/s 4, v0x62c3775fe1b0_0;
    %load/vec4a v0x62c377600320, 4;
    %store/vec4 v0x62c3775fc9f0_0, 0, 64;
    %callf/vec4 TD_tb_xbar_3by3_benchmark.expected_hash, S_0x62c3775fc760;
    %cmp/e;
    %flag_get/vec4 4;
    %and;
    %flag_set/vec4 8;
    %jmp/0xz  T_93.4, 8;
    %pushi/vec4 1, 0, 1;
    %ix/getv/s 4, v0x62c3775fe1b0_0;
    %store/vec4a v0x62c3775ffc40, 4, 0;
    %pushi/vec4 1, 0, 1;
    %store/vec4 v0x62c3775fdc80_0, 0, 1;
T_93.4 ;
    %load/vec4 v0x62c3775fe1b0_0;
    %addi 1, 0, 32;
    %store/vec4 v0x62c3775fe1b0_0, 0, 32;
    %jmp T_93.2;
T_93.3 ;
    %load/vec4 v0x62c3775fdc80_0;
    %nor/r;
    %flag_set/vec4 8;
    %jmp/0xz  T_93.6, 8;
    %vpi_call 3 159 "$display", "[ERROR] Port 0 received unexpected or corrupted packet: %h", v0x62c3775fe7b0_0 {0 0 0};
    %load/vec4 v0x62c3775fe0d0_0;
    %addi 1, 0, 32;
    %store/vec4 v0x62c3775fe0d0_0, 0, 32;
T_93.6 ;
T_93.0 ;
    %jmp T_93;
    .thread T_93;
    .scope S_0x62c3775433e0;
T_94 ;
    %wait E_0x62c3773ddaf0;
    %load/vec4 v0x62c377600140_0;
    %load/vec4 v0x62c3775ff460_0;
    %and;
    %load/vec4 v0x62c3775fef80_0;
    %and;
    %flag_set/vec4 8;
    %jmp/0xz  T_94.0, 8;
    %pushi/vec4 0, 0, 1;
    %store/vec4 v0x62c3775fdd20_0, 0, 1;
    %pushi/vec4 0, 0, 32;
    %store/vec4 v0x62c3775fe290_0, 0, 32;
T_94.2 ;
    %load/vec4 v0x62c3775fe290_0;
    %load/vec4 v0x62c3775fe530_0;
    %cmp/s;
    %jmp/0xz T_94.3, 5;
    %ix/getv/s 4, v0x62c3775fe290_0;
    %load/vec4a v0x62c3775ffce0, 4;
    %nor/r;
    %load/vec4 v0x62c3775fed60_0;
    %ix/getv/s 4, v0x62c3775fe290_0;
    %load/vec4a v0x62c3776003c0, 4;
    %store/vec4 v0x62c3775fc9f0_0, 0, 64;
    %callf/vec4 TD_tb_xbar_3by3_benchmark.expected_hash, S_0x62c3775fc760;
    %cmp/e;
    %flag_get/vec4 4;
    %and;
    %flag_set/vec4 8;
    %jmp/0xz  T_94.4, 8;
    %pushi/vec4 1, 0, 1;
    %ix/getv/s 4, v0x62c3775fe290_0;
    %store/vec4a v0x62c3775ffce0, 4, 0;
    %pushi/vec4 1, 0, 1;
    %store/vec4 v0x62c3775fdd20_0, 0, 1;
T_94.4 ;
    %load/vec4 v0x62c3775fe290_0;
    %addi 1, 0, 32;
    %store/vec4 v0x62c3775fe290_0, 0, 32;
    %jmp T_94.2;
T_94.3 ;
    %load/vec4 v0x62c3775fdd20_0;
    %nor/r;
    %flag_set/vec4 8;
    %jmp/0xz  T_94.6, 8;
    %vpi_call 3 175 "$display", "[ERROR] Port 1 received unexpected or corrupted packet: %h", v0x62c3775fed60_0 {0 0 0};
    %load/vec4 v0x62c3775fe0d0_0;
    %addi 1, 0, 32;
    %store/vec4 v0x62c3775fe0d0_0, 0, 32;
T_94.6 ;
T_94.0 ;
    %jmp T_94;
    .thread T_94;
    .scope S_0x62c3775433e0;
T_95 ;
    %wait E_0x62c377449e70;
    %load/vec4 v0x62c377600230_0;
    %load/vec4 v0x62c3775ffb50_0;
    %and;
    %load/vec4 v0x62c3775ff880_0;
    %and;
    %flag_set/vec4 8;
    %jmp/0xz  T_95.0, 8;
    %pushi/vec4 0, 0, 1;
    %store/vec4 v0x62c3775fde50_0, 0, 1;
    %pushi/vec4 0, 0, 32;
    %store/vec4 v0x62c3775fe370_0, 0, 32;
T_95.2 ;
    %load/vec4 v0x62c3775fe370_0;
    %load/vec4 v0x62c3775fe610_0;
    %cmp/s;
    %jmp/0xz T_95.3, 5;
    %ix/getv/s 4, v0x62c3775fe370_0;
    %load/vec4a v0x62c3775ffd80, 4;
    %nor/r;
    %load/vec4 v0x62c3775ff660_0;
    %ix/getv/s 4, v0x62c3775fe370_0;
    %load/vec4a v0x62c377600480, 4;
    %store/vec4 v0x62c3775fc9f0_0, 0, 64;
    %callf/vec4 TD_tb_xbar_3by3_benchmark.expected_hash, S_0x62c3775fc760;
    %cmp/e;
    %flag_get/vec4 4;
    %and;
    %flag_set/vec4 8;
    %jmp/0xz  T_95.4, 8;
    %pushi/vec4 1, 0, 1;
    %ix/getv/s 4, v0x62c3775fe370_0;
    %store/vec4a v0x62c3775ffd80, 4, 0;
    %pushi/vec4 1, 0, 1;
    %store/vec4 v0x62c3775fde50_0, 0, 1;
T_95.4 ;
    %load/vec4 v0x62c3775fe370_0;
    %addi 1, 0, 32;
    %store/vec4 v0x62c3775fe370_0, 0, 32;
    %jmp T_95.2;
T_95.3 ;
    %load/vec4 v0x62c3775fde50_0;
    %nor/r;
    %flag_set/vec4 8;
    %jmp/0xz  T_95.6, 8;
    %vpi_call 3 191 "$display", "[ERROR] Port 2 received unexpected or corrupted packet: %h", v0x62c3775ff660_0 {0 0 0};
    %load/vec4 v0x62c3775fe0d0_0;
    %addi 1, 0, 32;
    %store/vec4 v0x62c3775fe0d0_0, 0, 32;
T_95.6 ;
T_95.0 ;
    %jmp T_95;
    .thread T_95;
    .scope S_0x62c3775433e0;
T_96 ;
    %vpi_call 3 202 "$dumpfile", "xbar_benchmark.vcd" {0 0 0};
    %vpi_call 3 203 "$dumpvars", 32'sb00000000000000000000000000000000, S_0x62c3775433e0 {0 0 0};
    %pushi/vec4 0, 0, 1;
    %store/vec4 v0x62c3775fea70_0, 0, 1;
    %pushi/vec4 0, 0, 1;
    %store/vec4 v0x62c3775ff160_0, 0, 1;
    %pushi/vec4 0, 0, 1;
    %store/vec4 v0x62c3775ffa60_0, 0, 1;
    %pushi/vec4 1, 0, 1;
    %store/vec4 v0x62c3775fe930_0, 0, 1;
    %pushi/vec4 1, 0, 1;
    %store/vec4 v0x62c3775fef80_0, 0, 1;
    %pushi/vec4 1, 0, 1;
    %store/vec4 v0x62c3775ff880_0, 0, 1;
    %pushi/vec4 0, 0, 1;
    %store/vec4 v0x62c3775ffe20_0, 0, 1;
    %pushi/vec4 0, 0, 1;
    %store/vec4 v0x62c3775fff10_0, 0, 1;
    %pushi/vec4 0, 0, 1;
    %store/vec4 v0x62c377600000_0, 0, 1;
    %pushi/vec4 0, 0, 1;
    %store/vec4 v0x62c3776000a0_0, 0, 1;
    %pushi/vec4 0, 0, 1;
    %store/vec4 v0x62c377600140_0, 0, 1;
    %pushi/vec4 0, 0, 1;
    %store/vec4 v0x62c377600230_0, 0, 1;
    %delay 100000, 0;
    %pushi/vec4 1, 0, 1;
    %store/vec4 v0x62c3775ffe20_0, 0, 1;
    %pushi/vec4 1, 0, 1;
    %store/vec4 v0x62c3775fff10_0, 0, 1;
    %pushi/vec4 1, 0, 1;
    %store/vec4 v0x62c377600000_0, 0, 1;
    %pushi/vec4 1, 0, 1;
    %store/vec4 v0x62c3776000a0_0, 0, 1;
    %pushi/vec4 1, 0, 1;
    %store/vec4 v0x62c377600140_0, 0, 1;
    %pushi/vec4 1, 0, 1;
    %store/vec4 v0x62c377600230_0, 0, 1;
    %delay 100000, 0;
    %vpi_call 3 216 "$display", "\012==========================================" {0 0 0};
    %vpi_call 3 217 "$display", "   STARTING XBAR CDC & ROUTING TEST" {0 0 0};
    %vpi_call 3 218 "$display", "==========================================\012" {0 0 0};
    %vpi_call 3 223 "$display", "[INFO] Running Checkpoint 1: Basic Routing..." {0 0 0};
    %pushi/vec4 2863267840, 0, 32;
    %concati/vec4 286326784, 0, 32;
    %store/vec4 v0x62c3775fcde0_0, 0, 64;
    %pushi/vec4 0, 0, 2;
    %store/vec4 v0x62c3775fcee0_0, 0, 2;
    %fork TD_tb_xbar_3by3_benchmark.send_p0, S_0x62c3775fcbc0;
    %join;
    %pushi/vec4 3149594624, 0, 32;
    %concati/vec4 572653568, 0, 32;
    %store/vec4 v0x62c3775fd1d0_0, 0, 64;
    %pushi/vec4 1, 0, 2;
    %store/vec4 v0x62c3775fd2d0_0, 0, 2;
    %fork TD_tb_xbar_3by3_benchmark.send_p1, S_0x62c3775fcfc0;
    %join;
    %pushi/vec4 3435921408, 0, 32;
    %concati/vec4 858980352, 0, 32;
    %store/vec4 v0x62c3775fd5c0_0, 0, 64;
    %pushi/vec4 2, 0, 2;
    %store/vec4 v0x62c3775fd6c0_0, 0, 2;
    %fork TD_tb_xbar_3by3_benchmark.send_p2, S_0x62c3775fd3b0;
    %join;
    %delay 500000, 0;
    %vpi_call 3 232 "$display", "[INFO] Running Checkpoint 2: Cross-Domain Contention..." {0 0 0};
    %fork t_1, S_0x62c3775433e0;
    %fork t_2, S_0x62c3775433e0;
    %fork t_3, S_0x62c3775433e0;
    %join;
    %join;
    %join;
    %jmp t_0;
t_1 ;
    %pushi/vec4 2863267840, 0, 32;
    %concati/vec4 1145307136, 0, 32;
    %store/vec4 v0x62c3775fcde0_0, 0, 64;
    %pushi/vec4 0, 0, 2;
    %store/vec4 v0x62c3775fcee0_0, 0, 2;
    %fork TD_tb_xbar_3by3_benchmark.send_p0, S_0x62c3775fcbc0;
    %join;
    %end;
t_2 ;
    %pushi/vec4 3149594624, 0, 32;
    %concati/vec4 1431633920, 0, 32;
    %store/vec4 v0x62c3775fd1d0_0, 0, 64;
    %pushi/vec4 0, 0, 2;
    %store/vec4 v0x62c3775fd2d0_0, 0, 2;
    %fork TD_tb_xbar_3by3_benchmark.send_p1, S_0x62c3775fcfc0;
    %join;
    %end;
t_3 ;
    %pushi/vec4 3435921408, 0, 32;
    %concati/vec4 1717960704, 0, 32;
    %store/vec4 v0x62c3775fd5c0_0, 0, 64;
    %pushi/vec4 0, 0, 2;
    %store/vec4 v0x62c3775fd6c0_0, 0, 2;
    %fork TD_tb_xbar_3by3_benchmark.send_p2, S_0x62c3775fd3b0;
    %join;
    %end;
    .scope S_0x62c3775433e0;
t_0 ;
    %delay 500000, 0;
    %vpi_call 3 244 "$display", "[INFO] Running Checkpoint 3: Backpressure / FIFO Capacity..." {0 0 0};
    %pushi/vec4 0, 0, 1;
    %store/vec4 v0x62c3775fef80_0, 0, 1;
    %fork t_5, S_0x62c3775433e0;
    %fork t_6, S_0x62c3775433e0;
    %join;
    %join;
    %jmp t_4;
t_5 ;
    %pushi/vec4 0, 0, 32;
    %store/vec4 v0x62c3775fd7a0_0, 0, 32;
T_96.0 ;
    %load/vec4 v0x62c3775fd7a0_0;
    %cmpi/s 35, 0, 32;
    %jmp/0xz T_96.1, 5;
    %pushi/vec4 3149651629, 0, 32;
    %concati/vec4 3203334144, 0, 32;
    %load/vec4 v0x62c3775fd7a0_0;
    %pad/u 64;
    %add;
    %store/vec4 v0x62c3775fd1d0_0, 0, 64;
    %pushi/vec4 1, 0, 2;
    %store/vec4 v0x62c3775fd2d0_0, 0, 2;
    %fork TD_tb_xbar_3by3_benchmark.send_p1, S_0x62c3775fcfc0;
    %join;
    %load/vec4 v0x62c3775fd7a0_0;
    %addi 1, 0, 32;
    %store/vec4 v0x62c3775fd7a0_0, 0, 32;
    %jmp T_96.0;
T_96.1 ;
    %end;
t_6 ;
    %delay 2000000, 0;
    %vpi_call 3 259 "$display", "[INFO] Releasing Backpressure on Port 1..." {0 0 0};
    %pushi/vec4 1, 0, 1;
    %store/vec4 v0x62c3775fef80_0, 0, 1;
    %end;
    .scope S_0x62c3775433e0;
t_4 ;
    %delay 2000000, 0;
    %vpi_call 3 269 "$display", "\012==========================================" {0 0 0};
    %vpi_call 3 270 "$display", "   FINAL SCOREBOARD VERIFICATION" {0 0 0};
    %vpi_call 3 271 "$display", "==========================================\012" {0 0 0};
    %pushi/vec4 0, 0, 32;
    %store/vec4 v0x62c3775fd7a0_0, 0, 32;
T_96.2 ;
    %load/vec4 v0x62c3775fd7a0_0;
    %load/vec4 v0x62c3775fe450_0;
    %cmp/s;
    %jmp/0xz T_96.3, 5;
    %ix/getv/s 4, v0x62c3775fd7a0_0;
    %load/vec4a v0x62c3775ffc40, 4;
    %nor/r;
    %flag_set/vec4 8;
    %jmp/0xz  T_96.4, 8;
    %vpi_call 3 274 "$display", "[FAIL] Port 0 dropped packet: %h", &A<v0x62c377600320, v0x62c3775fd7a0_0 > {0 0 0};
    %load/vec4 v0x62c3775fe0d0_0;
    %addi 1, 0, 32;
    %store/vec4 v0x62c3775fe0d0_0, 0, 32;
T_96.4 ;
    %load/vec4 v0x62c3775fd7a0_0;
    %addi 1, 0, 32;
    %store/vec4 v0x62c3775fd7a0_0, 0, 32;
    %jmp T_96.2;
T_96.3 ;
    %pushi/vec4 0, 0, 32;
    %store/vec4 v0x62c3775fd7a0_0, 0, 32;
T_96.6 ;
    %load/vec4 v0x62c3775fd7a0_0;
    %load/vec4 v0x62c3775fe530_0;
    %cmp/s;
    %jmp/0xz T_96.7, 5;
    %ix/getv/s 4, v0x62c3775fd7a0_0;
    %load/vec4a v0x62c3775ffce0, 4;
    %nor/r;
    %flag_set/vec4 8;
    %jmp/0xz  T_96.8, 8;
    %vpi_call 3 277 "$display", "[FAIL] Port 1 dropped packet: %h", &A<v0x62c3776003c0, v0x62c3775fd7a0_0 > {0 0 0};
    %load/vec4 v0x62c3775fe0d0_0;
    %addi 1, 0, 32;
    %store/vec4 v0x62c3775fe0d0_0, 0, 32;
T_96.8 ;
    %load/vec4 v0x62c3775fd7a0_0;
    %addi 1, 0, 32;
    %store/vec4 v0x62c3775fd7a0_0, 0, 32;
    %jmp T_96.6;
T_96.7 ;
    %pushi/vec4 0, 0, 32;
    %store/vec4 v0x62c3775fd7a0_0, 0, 32;
T_96.10 ;
    %load/vec4 v0x62c3775fd7a0_0;
    %load/vec4 v0x62c3775fe610_0;
    %cmp/s;
    %jmp/0xz T_96.11, 5;
    %ix/getv/s 4, v0x62c3775fd7a0_0;
    %load/vec4a v0x62c3775ffd80, 4;
    %nor/r;
    %flag_set/vec4 8;
    %jmp/0xz  T_96.12, 8;
    %vpi_call 3 280 "$display", "[FAIL] Port 2 dropped packet: %h", &A<v0x62c377600480, v0x62c3775fd7a0_0 > {0 0 0};
    %load/vec4 v0x62c3775fe0d0_0;
    %addi 1, 0, 32;
    %store/vec4 v0x62c3775fe0d0_0, 0, 32;
T_96.12 ;
    %load/vec4 v0x62c3775fd7a0_0;
    %addi 1, 0, 32;
    %store/vec4 v0x62c3775fd7a0_0, 0, 32;
    %jmp T_96.10;
T_96.11 ;
    %load/vec4 v0x62c3775fe0d0_0;
    %cmpi/e 0, 0, 32;
    %jmp/0xz  T_96.14, 4;
    %load/vec4 v0x62c3775fe450_0;
    %load/vec4 v0x62c3775fe530_0;
    %add;
    %load/vec4 v0x62c3775fe610_0;
    %add;
    %vpi_call 3 284 "$display", "[SUCCESS] All %0d packets routed, synchronized, and hashed flawlessly!", S<0,vec4,s32> {1 0 0};
    %jmp T_96.15;
T_96.14 ;
    %vpi_call 3 286 "$display", "[FAILED] Testbench encountered %0d errors.", v0x62c3775fe0d0_0 {0 0 0};
T_96.15 ;
    %vpi_call 3 289 "$finish" {0 0 0};
    %end;
    .thread T_96;
    .scope S_0x62c3775433e0;
T_97 ;
    %delay 50000000, 0;
    %vpi_call 3 295 "$display", "[FATAL] Simulation Timeout Reached!" {0 0 0};
    %vpi_call 3 296 "$finish" {0 0 0};
    %end;
    .thread T_97;
# The file index is used to find the file name in the following table.
:file_names 14;
    "N/A";
    "<interactive>";
    "test_fifo.v";
    "benchmark_tb.v";
    "xbar_3by3_bencmark_top.v";
    "clk_divider.v";
    "top_fifo.v";
    "fifo.v";
    "rptr_empty.v";
    "sync_r2w.v";
    "sync_w2r.v";
    "wptr_full.v";
    "input_port_3by3.v";
    "output_port_3by3.v";
